date,threshold,dow,session,continuation,continued_meaningfully
2023-01-23,0.3,Monday,asia,0.029172534705253175,0
2023-01-24,0.3,Tuesday,asia,0.1297162275988289,1
2023-01-25,0.3,Wednesday,ny,0.030598381475574837,0
2023-01-31,0.3,Tuesday,ny,0.0632475167241007,0
2023-02-01,0.3,Wednesday,ny,0.6944276805471722,1
2023-02-01,0.5,Wednesday,ny,0.49024341178836967,1
2023-02-01,0.7,Wednesday,ny,0.3647153490243337,1
2023-02-01,0.9,Wednesday,ny,0.1343794005230301,1
2023-02-01,1.1,Wednesday,late,0.0,0
2023-02-06,0.3,Monday,asia,0.2303648317334043,1
2023-02-06,0.5,Monday,london,0.0,0
2023-02-07,0.3,Tuesday,london,0.23257209284883856,1
2023-02-07,0.5,Tuesday,ny,0.0,0
2023-02-08,0.3,Wednesday,asia,0.1879770867857637,1
2023-02-09,0.3,Thursday,london,0.17024647887324046,1
2023-02-09,0.5,Thursday,ny,0.01531690140844876,0
2023-02-14,0.3,Tuesday,asia,0.2143948196404559,1
2023-02-14,0.5,Tuesday,ny,0.0,0
2023-02-16,0.3,Thursday,london,0.01652069019772546,0
2023-02-20,0.3,Monday,london,0.0,0
2023-02-22,0.3,Wednesday,london,0.12440720106818824,1
2023-02-23,0.3,Thursday,asia,0.0,0
2023-02-27,0.3,Monday,ny,0.06606854476942663,0
2023-02-28,0.3,Tuesday,ny,0.2476154073353327,1
2023-02-28,0.5,Tuesday,ny,0.13037510641625108,1
2023-03-01,0.3,Wednesday,asia,0.6647974405981535,1
2023-03-01,0.5,Wednesday,asia,0.40209928466156225,1
2023-03-01,0.7,Wednesday,london,0.2604335166612721,1
2023-03-01,0.9,Wednesday,ny,0.013587835651891662,0
2023-03-06,0.3,Monday,asia,0.0,0
2023-03-08,0.3,Wednesday,ny,0.13906758495421165,1
2023-03-08,0.5,Wednesday,ny,0.022515704230679476,0
2023-03-09,0.3,Thursday,ny,0.622393558433662,1
2023-03-09,0.5,Thursday,ny,0.5503437274488154,1
2023-03-09,0.7,Thursday,ny,0.28261612670438496,1
2023-03-09,0.9,Thursday,ny,0.0,0
2023-03-12,0.3,Sunday,late,0.0,0
2023-03-12,0.5,Sunday,late,0.0,0
2023-03-12,0.7,Sunday,late,0.0,0
2023-03-12,0.9,Sunday,late,0.0,0
2023-03-12,1.1,Sunday,late,0.0,0
2023-03-12,1.3,Sunday,late,0.0,0
2023-03-13,0.3,Monday,asia,1.1773755518805633,1
2023-03-13,0.5,Monday,london,1.0543915279695326,1
2023-03-13,0.7,Monday,london,0.7000955834382739,1
2023-03-13,0.9,Monday,london,0.6283018009133516,1
2023-03-13,1.1,Monday,ny,0.20646022666929234,1
2023-03-13,1.3,Monday,ny,0.20646022666929234,1
2023-03-15,0.3,Wednesday,london,0.9518534417104081,1
2023-03-15,0.5,Wednesday,london,0.7128238503399477,1
2023-03-15,0.7,Wednesday,london,0.4499494578838787,1
2023-03-15,0.9,Wednesday,london,0.2768323247988741,1
2023-03-15,1.1,Wednesday,ny,0.10352133154243748,1
2023-03-15,1.3,Wednesday,ny,0.0,0
2023-03-16,0.3,Thursday,london,0.07186506966511375,0
2023-03-20,0.3,Monday,asia,0.6707155701828746,1
2023-03-20,0.5,Monday,asia,0.5207704226467147,1
2023-03-20,0.7,Monday,asia,0.05399292007373755,0
2023-03-20,0.9,Monday,asia,0.05399292007373755,0
2023-03-22,0.3,Wednesday,ny,0.3422769693135088,1
2023-03-22,0.5,Wednesday,ny,0.3422769693135088,1
2023-03-22,0.7,Wednesday,ny,0.0815208794685209,0
2023-03-22,0.9,Wednesday,ny,0.0815208794685209,0
2023-03-23,0.3,Thursday,asia,0.5272156548453861,1
2023-03-23,0.5,Thursday,ny,0.3899018232819024,1
2023-03-23,0.7,Thursday,ny,0.13330661858011122,1
2023-03-28,0.3,Tuesday,ny,0.1366779313313351,1
2023-03-30,0.3,Thursday,london,0.2509319375721027,1
2023-03-30,0.5,Thursday,ny,0.01922031862254458,0
2023-04-03,0.3,Monday,london,0.5386377637455757,1
2023-04-03,0.5,Monday,london,0.35832819959957085,1
2023-04-03,0.7,Monday,ny,0.1250577545048541,1
2023-04-03,0.9,Monday,ny,0.0,0
2023-04-04,0.3,Tuesday,ny,0.22891204264598852,1
2023-04-04,0.5,Tuesday,ny,0.22891204264598852,1
2023-04-04,0.7,Tuesday,ny,0.22891204264598852,1
2023-04-04,0.9,Tuesday,ny,0.0,0
2023-04-11,0.3,Tuesday,asia,0.19900160758101007,1
2023-04-11,0.5,Tuesday,london,0.0,0
2023-04-12,0.3,Wednesday,asia,0.5352343700712933,1
2023-04-12,0.5,Wednesday,asia,0.31407482177781,1
2023-04-12,0.7,Wednesday,london,0.0,0
2023-04-13,0.3,Thursday,london,0.7236978004462868,1
2023-04-13,0.5,Thursday,london,0.3798788651577902,1
2023-04-13,0.7,Thursday,london,0.3798788651577902,1
2023-04-13,0.9,Thursday,london,0.10157475294867822,1
2023-04-17,0.3,Monday,asia,0.07513027680834172,0
2023-04-18,0.3,Tuesday,asia,0.2977785314566799,1
2023-04-18,0.5,Tuesday,ny,0.030523995251826065,0
2023-04-20,0.3,Thursday,london,0.2442885117493441,1
2023-04-20,0.5,Thursday,london,0.03182114882506232,0
2023-04-25,0.3,Tuesday,ny,0.0,0
2023-04-26,0.3,Wednesday,ny,0.0,0
2023-04-27,0.3,Thursday,asia,0.08354442712392982,0
2023-05-01,0.3,Monday,london,0.2674178222130831,1
2023-05-01,0.5,Monday,london,0.04231294655270375,0
2023-05-02,0.3,Tuesday,ny,0.6539055552955498,1
2023-05-02,0.5,Tuesday,ny,0.6539055552955498,1
2023-05-02,0.7,Tuesday,ny,0.5081199981279536,1
2023-05-02,0.9,Tuesday,ny,0.25340478307670355,1
2023-05-02,1.1,Tuesday,ny,0.1282585295081187,1
2023-05-03,0.3,Wednesday,ny,1.3212610091365575,1
2023-05-03,0.5,Wednesday,ny,1.0145691003374777,1
2023-05-03,0.7,Wednesday,ny,0.8726644168244333,1
2023-05-03,0.9,Wednesday,late,0.0,0
2023-05-03,1.1,Wednesday,late,0.0,0
2023-05-03,1.3,Wednesday,late,0.0,0
2023-05-08,0.3,Monday,london,0.12921695334030195,1
2023-05-09,0.3,Tuesday,london,0.2346310066862439,1
2023-05-09,0.5,Tuesday,ny,0.03831781540961167,0
2023-05-10,0.3,Wednesday,london,0.0,0
2023-05-11,0.3,Thursday,london,0.0,0
2023-05-15,0.3,Monday,asia,0.11587928180313267,1
2023-05-23,0.3,Tuesday,ny,0.0,0
2023-05-24,0.3,Wednesday,london,0.0,0
2023-05-30,0.3,Tuesday,london,0.5742526879308502,1
2023-05-30,0.5,Tuesday,london,0.3136093789720816,1
2023-05-30,0.7,Tuesday,london,0.18088017585572375,1
2023-05-30,0.9,Tuesday,ny,0.0,0
2023-05-31,0.3,Wednesday,ny,0.20679690742249612,1
2023-05-31,0.5,Wednesday,ny,0.04691126515932318,0
2023-06-01,0.3,Thursday,ny,0.36405626705857924,1
2023-06-01,0.5,Thursday,ny,0.1690111274406923,1
2023-06-01,0.7,Thursday,ny,0.0,0
2023-06-05,0.3,Monday,ny,0.10278440274704999,1
2023-06-05,0.5,Monday,ny,0.08126203270020897,0
2023-06-08,0.3,Thursday,london,0.47126419804144415,1
2023-06-08,0.5,Thursday,london,0.47126419804144415,1
2023-06-08,0.7,Thursday,ny,0.19417160244006615,1
2023-06-08,0.9,Thursday,ny,0.08271420764220183,0
2023-06-13,0.3,Tuesday,london,0.0,0
2023-06-14,0.3,Wednesday,asia,0.38655664276803037,1
2023-06-14,0.5,Wednesday,london,0.08543385790082698,0
2023-06-15,0.3,Thursday,ny,0.27042431918936155,1
2023-06-15,0.5,Thursday,ny,0.041712245955431944,0
2023-06-26,0.3,Monday,london,0.03360176851413186,0
2023-06-27,0.3,Tuesday,asia,0.013258225161235973,0
2023-07-03,0.3,Monday,ny,0.27946051969241936,1
2023-07-03,0.5,Monday,ny,0.0,0
2023-07-04,0.3,Tuesday,asia,0.15999424998203401,1
2023-07-05,0.3,Wednesday,ny,0.0,0
2023-07-06,0.3,Thursday,london,0.17378110089394946,1
2023-07-06,0.5,Thursday,london,0.006142483684022116,0
2023-07-11,0.3,Tuesday,asia,0.3503822587512256,1
2023-07-11,0.5,Tuesday,asia,0.002850743229476342,0
2023-07-11,0.7,Tuesday,asia,0.002850743229476342,0
2023-07-12,0.3,Wednesday,asia,0.9657454545454559,1
2023-07-12,0.5,Wednesday,london,0.49025454545455105,1
2023-07-12,0.7,Wednesday,london,0.49025454545455105,1
2023-07-12,0.9,Wednesday,ny,0.4131272727272732,1
2023-07-12,1.1,Wednesday,ny,0.12014545454544946,1
2023-07-12,1.3,Wednesday,ny,0.01374545454545362,0
2023-07-13,0.3,Thursday,asia,0.017826137284404,0
2023-07-17,0.3,Monday,london,0.03333661320476334,0
2023-07-18,0.3,Tuesday,asia,1.1956130421066304,1
2023-07-18,0.5,Tuesday,london,0.6328799153784807,1
2023-07-18,0.7,Tuesday,london,0.6328799153784807,1
2023-07-18,0.9,Tuesday,ny,0.2613617384526867,1
2023-07-18,1.1,Tuesday,ny,0.2613617384526867,1
2023-07-18,1.3,Tuesday,ny,0.11171525599865681,1
2023-07-20,0.3,Thursday,asia,0.12469526825990651,1
2023-07-20,0.5,Thursday,asia,0.0,0
2023-07-24,0.3,Monday,london,0.04467770152065287,0
2023-07-25,0.3,Tuesday,asia,0.3574456339583292,1
2023-07-25,0.5,Tuesday,asia,0.15319098598214287,1
2023-07-26,0.3,Wednesday,asia,0.4248137945107622,1
2023-07-26,0.5,Wednesday,london,0.23769003162943084,1
2023-07-26,0.7,Wednesday,ny,0.0,0
2023-07-27,0.3,Thursday,asia,0.22457872209154847,1
2023-07-27,0.5,Thursday,asia,0.0018894844406784675,0
2023-07-31,0.3,Monday,london,0.32747902174193533,1
2023-07-31,0.5,Monday,ny,0.19338089268081118,1
2023-07-31,0.7,Monday,ny,0.0,0
2023-08-09,0.3,Wednesday,asia,0.01927420345074648,0
2023-08-10,0.3,Thursday,london,0.3856263183845391,1
2023-08-10,0.5,Thursday,london,0.0,0
2023-08-16,0.3,Wednesday,london,0.02509452130741989,0
2023-08-17,0.3,Thursday,london,0.24481237859424484,1
2023-08-17,0.5,Thursday,london,0.05398127537537835,0
2023-08-21,0.3,Monday,london,0.22520384035693386,1
2023-08-21,0.5,Monday,ny,0.0,0
2023-08-22,0.3,Tuesday,asia,0.2823680334489397,1
2023-08-22,0.5,Tuesday,london,0.14766950159167724,1
2023-08-23,0.3,Wednesday,asia,1.0420509613881475,1
2023-08-23,0.5,Wednesday,london,0.8566515554166035,1
2023-08-23,0.7,Wednesday,ny,0.5627637955291538,1
2023-08-23,0.9,Wednesday,ny,0.09066750039081095,0
2023-08-23,1.1,Wednesday,ny,0.09066750039081095,0
2023-08-23,1.3,Wednesday,ny,0.043457870876969555,0
2023-08-24,0.3,Thursday,asia,0.04136184580754792,0
2023-08-28,0.3,Monday,ny,0.40175303634286536,1
2023-08-28,0.5,Monday,ny,0.04569084085132964,0
2023-08-28,0.7,Monday,ny,0.0,0
2023-08-29,0.3,Tuesday,ny,0.3605573613984014,1
2023-08-29,0.5,Tuesday,ny,0.3605573613984014,1
2023-08-29,0.7,Tuesday,ny,0.3605573613984014,1
2023-08-29,0.9,Tuesday,ny,0.10565317209555122,1
2023-08-30,0.3,Wednesday,london,0.4407587323617893,1
2023-08-30,0.5,Wednesday,london,0.2111496645847782,1
2023-08-30,0.7,Wednesday,ny,0.11755725190840031,1
2023-09-04,0.3,Monday,asia,0.020907224192640957,0
2023-09-07,0.3,Thursday,london,0.08386908240794974,0
2023-09-11,0.3,Monday,asia,0.49145847733780296,1
2023-09-11,0.5,Monday,asia,0.27441493038412357,1
2023-09-11,0.7,Monday,asia,0.01140515453737282,0
2023-09-18,0.3,Monday,asia,0.5122136989282337,1
2023-09-18,0.5,Monday,asia,0.34464936619334113,1
2023-09-18,0.7,Monday,ny,0.1283390457537632,1
2023-09-20,0.3,Wednesday,ny,0.4697211579395358,1
2023-09-20,0.5,Wednesday,ny,0.4697211579395358,1
2023-09-20,0.7,Wednesday,ny,0.4697211579395358,1
2023-09-20,0.9,Wednesday,ny,0.2529267773520629,1
2023-09-20,1.1,Wednesday,ny,0.05214985100041208,0
2023-10-03,0.3,Tuesday,ny,0.11208571260375387,1
2023-10-04,0.3,Wednesday,london,0.0,0
2023-10-05,0.3,Thursday,asia,0.0535038910120547,0
2023-10-08,0.3,Sunday,late,0.0,0
2023-10-08,0.5,Sunday,late,0.0,0
2023-10-08,0.7,Sunday,late,0.0,0
2023-10-08,0.9,Sunday,late,0.0,0
2023-10-08,1.1,Sunday,late,0.0,0
2023-10-09,0.3,Monday,asia,0.44076001452257185,1
2023-10-09,0.5,Monday,ny,0.15127677598935027,1
2023-10-09,0.7,Monday,ny,0.0,0
2023-10-11,0.3,Wednesday,asia,0.46898355094613126,1
2023-10-11,0.5,Wednesday,london,0.36509478966058934,1
2023-10-11,0.7,Wednesday,london,0.12120355483312666,1
2023-10-12,0.3,Thursday,asia,0.11767132470479838,1
2023-10-17,0.3,Tuesday,london,0.10545513856555952,1
2023-10-17,0.5,Tuesday,ny,0.0,0
2023-10-18,0.3,Wednesday,asia,1.0075421160217048,1
2023-10-18,0.5,Wednesday,asia,0.9400437019806888,1
2023-10-18,0.7,Wednesday,asia,0.7819553112003926,1
2023-10-18,0.9,Wednesday,london,0.5271586663847192,1
2023-10-18,1.1,Wednesday,ny,0.11170790160005353,1
2023-10-18,1.3,Wednesday,ny,0.11170790160005353,1
2023-10-19,0.3,Thursday,ny,0.8940550936138986,1
2023-10-19,0.5,Thursday,ny,0.7065727699530528,1
2023-10-19,0.7,Thursday,ny,0.4050568471067376,1
2023-10-19,0.9,Thursday,ny,0.2918151479156108,1
2023-10-23,0.3,Monday,asia,0.11870548893956882,1
2023-10-25,0.3,Wednesday,ny,0.0,0
2023-10-25,0.5,Wednesday,ny,0.0,0
2023-10-26,0.3,Thursday,london,0.03035664400782399,0
2023-10-31,0.3,Tuesday,ny,0.1376884807714452,1
2023-11-09,0.3,Thursday,ny,0.3714831567087412,1
2023-11-09,0.5,Thursday,ny,0.09418526803938297,0
2023-11-13,0.3,Monday,ny,0.0,0
2023-11-14,0.3,Tuesday,ny,0.5310872500482207,1
2023-11-14,0.5,Tuesday,ny,0.5310872500482207,1
2023-11-14,0.7,Tuesday,ny,0.0,0
2023-11-14,0.9,Tuesday,ny,0.0,0
2023-11-15,0.3,Wednesday,asia,0.2584211547164951,1
2023-11-15,0.5,Wednesday,london,0.05770349776943851,0
2023-11-16,0.3,Thursday,asia,0.9349991887067963,1
2023-11-16,0.5,Thursday,ny,0.6801233165666092,1
2023-11-16,0.7,Thursday,ny,0.3664124614635758,1
2023-11-16,0.9,Thursday,ny,0.23783871491156475,1
2023-11-16,1.1,Thursday,ny,0.0806425442154837,0
2023-11-20,0.3,Monday,asia,0.16830369885323462,1
2023-11-21,0.3,Tuesday,asia,0.7886387820250542,1
2023-11-21,0.5,Tuesday,asia,0.6811492183023715,1
2023-11-21,0.7,Tuesday,ny,0.33369894409430406,1
2023-11-21,0.9,Tuesday,ny,0.25646230662192154,1
2023-11-21,1.1,Tuesday,ny,0.09625931079643747,0
2023-11-22,0.3,Wednesday,london,0.0,0
2023-11-23,0.3,Thursday,asia,0.008937507273362382,0
2023-11-27,0.3,Monday,asia,0.0,0
2023-11-27,0.5,Monday,asia,0.0,0
2023-11-27,0.7,Monday,asia,0.0,0
2023-11-28,0.3,Tuesday,ny,0.9703430639965407,1
2023-11-28,0.5,Tuesday,ny,0.7741356979176979,1
2023-11-28,0.7,Tuesday,ny,0.6072199528411516,1
2023-11-28,0.9,Tuesday,ny,0.4312377536448409,1
2023-11-28,1.1,Tuesday,ny,0.18156155557769452,1
2023-11-28,1.3,Tuesday,late,0.052538939258072924,0
2023-11-29,0.3,Wednesday,asia,0.0,0
2023-12-03,0.3,Sunday,late,0.39382652069702473,1
2023-12-03,0.5,Sunday,late,0.39382652069702473,1
2023-12-03,0.7,Sunday,late,0.39382652069702473,1
2023-12-03,0.9,Sunday,late,0.39382652069702473,1
2023-12-03,1.1,Sunday,late,0.39382652069702473,1
2023-12-03,1.3,Sunday,late,0.39382652069702473,1
2023-12-06,0.3,Wednesday,asia,0.27175008728063016,1
2023-12-06,0.5,Wednesday,asia,0.0,0
2023-12-07,0.3,Thursday,ny,0.008843129204433895,0
2023-12-12,0.3,Tuesday,ny,0.13359364362874385,1
2023-12-13,0.3,Wednesday,ny,0.8251803393592446,1
2023-12-13,0.5,Wednesday,ny,0.8251803393592446,1
2023-12-13,0.7,Wednesday,ny,0.7343535527583889,1
2023-12-13,0.9,Wednesday,ny,0.48859554335445887,1
2023-12-13,1.1,Wednesday,ny,0.3446161035016489,1
2023-12-13,1.3,Wednesday,late,0.16500686311731158,1
2023-12-14,0.3,Thursday,ny,0.0009982500066168963,0
2023-12-18,0.3,Monday,ny,0.002721177512844537,0
2023-12-19,0.3,Tuesday,ny,0.13414464939603396,1
2023-12-19,0.5,Tuesday,ny,0.04349495977269418,0
2023-12-21,0.3,Thursday,ny,0.2668287158522714,1
2023-12-21,0.5,Thursday,late,0.14650294599469268,1
2023-12-26,0.3,Tuesday,ny,0.01614970520380186,0
2023-12-27,0.3,Wednesday,ny,0.2680679244221154,1
2023-12-27,0.5,Wednesday,ny,0.10064857412174541,1
2023-12-27,0.7,Wednesday,ny,0.0,0
2023-12-28,0.3,Thursday,asia,0.027456707698724468,0
2024-01-02,0.3,Tuesday,asia,0.3085252402013078,1
2024-01-02,0.5,Tuesday,asia,0.09159676681409105,0
2024-01-04,0.3,Thursday,asia,0.0657103802638171,0
2024-01-09,0.3,Tuesday,london,0.1647731736828098,1
2024-01-10,0.3,Wednesday,london,0.0,0
2024-01-11,0.3,Thursday,asia,0.4450398879483617,1
2024-01-11,0.5,Thursday,ny,0.23445587966628126,1
2024-01-11,0.7,Thursday,ny,0.0,0
2024-01-15,0.3,Monday,asia,0.141133662406614,1
2024-01-18,0.3,Thursday,london,0.28474576271185875,1
2024-01-18,0.5,Thursday,ny,0.06949861711935336,0
2024-01-23,0.3,Tuesday,asia,0.4231316402821044,1
2024-01-23,0.5,Tuesday,asia,0.08369404001573622,0
2024-01-23,0.7,Tuesday,asia,0.0,0
2024-01-24,0.3,Wednesday,ny,0.0,0
2024-01-25,0.3,Thursday,ny,0.05291671916341395,0
2024-01-28,0.3,Sunday,late,0.09192013935414892,0
2024-01-29,0.3,Monday,asia,0.3937485498359202,1
2024-01-29,0.5,Monday,asia,0.17100334780734963,1
2024-01-29,0.7,Monday,ny,0.0,0
2024-01-30,0.3,Tuesday,asia,0.37409809417970413,1
2024-01-30,0.5,Tuesday,ny,0.23175040222926285,1
2024-01-30,0.7,Tuesday,ny,0.0,0
2024-01-31,0.3,Wednesday,ny,0.6055055207856413,1
2024-01-31,0.5,Wednesday,ny,0.25122542783968344,1
2024-01-31,0.7,Wednesday,ny,0.034430706083906075,0
2024-01-31,0.9,Wednesday,ny,0.0,0
2024-02-01,0.3,Thursday,asia,0.7458369113165363,1
2024-02-01,0.5,Thursday,ny,0.689026956946349,1
2024-02-01,0.7,Thursday,ny,0.26118435453185085,1
2024-02-01,0.9,Thursday,ny,0.26118435453185085,1
2024-02-01,1.1,Thursday,ny,0.058695761984155236,0
2024-02-06,0.3,Tuesday,ny,0.2769997626394506,1
2024-02-06,0.5,Tuesday,ny,0.12698789461191312,1
2024-02-07,0.3,Wednesday,ny,0.13334019769356814,1
2024-02-13,0.3,Tuesday,asia,0.26371541295088385,1
2024-02-13,0.5,Tuesday,ny,0.07547811749618447,0
2024-02-15,0.3,Thursday,ny,0.17864834840961344,1
2024-02-15,0.5,Thursday,ny,0.15393683828696977,1
2024-02-19,0.3,Monday,asia,0.09795589748176523,0
2024-02-20,0.3,Tuesday,asia,0.36836281728730064,1
2024-02-20,0.5,Tuesday,london,0.17380823794406947,1
2024-02-21,0.3,Wednesday,asia,0.09959243054737851,0
2024-02-22,0.3,Thursday,asia,0.1493014542691433,1
2024-02-27,0.3,Tuesday,london,0.10999851827590246,1
2024-02-28,0.3,Wednesday,ny,0.09887871143332859,0
2024-02-29,0.3,Thursday,ny,0.3606253745165275,1
2024-02-29,0.5,Thursday,ny,0.3606253745165275,1
2024-02-29,0.7,Thursday,ny,0.10649888325978801,1
2024-03-04,0.3,Monday,ny,1.2955173366487132,1
2024-03-04,0.5,Monday,ny,1.0835060091172755,1
2024-03-04,0.7,Monday,ny,0.9681931205967728,1
2024-03-04,0.9,Monday,ny,0.8171018096422209,1
2024-03-04,1.1,Monday,ny,0.5086337891974025,1
2024-03-04,1.3,Monday,ny,0.18880370216879572,1
2024-03-05,0.3,Tuesday,london,0.93179317931794,1
2024-03-05,0.5,Tuesday,london,0.6620397333851146,1
2024-03-05,0.7,Tuesday,ny,0.4495890765547229,1
2024-03-05,0.9,Tuesday,ny,0.0,0
2024-03-05,1.1,Tuesday,ny,0.0,0
2024-03-06,0.3,Wednesday,london,0.7511970706975863,1
2024-03-06,0.5,Wednesday,ny,0.5476794041248083,1
2024-03-06,0.7,Wednesday,ny,0.3010046005069899,1
2024-03-06,0.9,Wednesday,ny,0.131443056989954,1
2024-03-07,0.3,Thursday,asia,0.14043530569835,1
2024-03-07,0.5,Thursday,asia,0.14043530569835,1
2024-03-07,0.7,Thursday,ny,0.0,0
2024-03-11,0.3,Monday,asia,0.0,0
2024-03-13,0.3,Wednesday,london,0.5522934033207808,1
2024-03-13,0.5,Wednesday,ny,0.31393720168078204,1
2024-03-13,0.7,Wednesday,ny,0.056542964766040926,0
2024-03-20,0.3,Wednesday,ny,1.6785153354190978,1
2024-03-20,0.5,Wednesday,ny,1.6785153354190978,1
2024-03-20,0.7,Wednesday,ny,1.3750738185884603,1
2024-03-20,0.9,Wednesday,ny,1.3750738185884603,1
2024-03-20,1.1,Wednesday,ny,1.1965270710040468,1
2024-03-20,1.3,Wednesday,late,0.0,0
2024-03-25,0.3,Monday,asia,0.16167940336985026,1
2024-03-26,0.3,Tuesday,london,0.59250390421656,1
2024-03-26,0.5,Tuesday,london,0.17727745965643701,1
2024-03-26,0.7,Tuesday,london,0.17727745965643701,1
2024-03-26,0.9,Tuesday,london,0.0,0
2024-03-27,0.3,Wednesday,london,0.13157318000747614,1
2024-03-27,0.5,Wednesday,london,0.13157318000747614,1
2024-03-31,0.3,Sunday,late,0.14810788948153158,1
2024-04-01,0.3,Monday,asia,0.3103975535168253,1
2024-04-01,0.5,Monday,asia,0.047496177370032866,0
2024-04-02,0.3,Tuesday,asia,0.9522854516587183,1
2024-04-02,0.5,Tuesday,london,0.7206484499038986,1
2024-04-02,0.7,Tuesday,ny,0.4722988217598419,1
2024-04-02,0.9,Tuesday,ny,0.3805465028829191,1
2024-04-02,1.1,Tuesday,late,0.21191610261553032,1
2024-04-02,1.3,Tuesday,late,0.0,0
2024-04-03,0.3,Wednesday,ny,0.3160645228721812,1
2024-04-03,0.5,Wednesday,ny,0.23379669953198975,1
2024-04-03,0.7,Wednesday,late,0.0,0
2024-04-08,0.3,Monday,asia,0.7923546443383737,1
2024-04-08,0.5,Monday,asia,0.661847562407084,1
2024-04-08,0.7,Monday,asia,0.0,0
2024-04-08,0.9,Monday,asia,0.0,0
2024-04-08,1.1,Monday,asia,0.0,0
2024-04-09,0.3,Tuesday,asia,0.2689916632447434,1
2024-04-09,0.5,Tuesday,london,0.16350735792659604,1
2024-04-09,0.7,Tuesday,london,0.0,0
2024-04-11,0.3,Thursday,asia,0.8786301475107589,1
2024-04-11,0.5,Thursday,ny,0.6686193915181363,1
2024-04-11,0.7,Thursday,ny,0.46882682851874363,1
2024-04-11,0.9,Thursday,ny,0.22856484326982124,1
2024-04-11,1.1,Thursday,ny,0.05445221266134221,0
2024-04-14,0.3,Sunday,late,0.0,0
2024-04-14,0.5,Sunday,late,0.0,0
2024-04-15,0.3,Monday,ny,0.19899361362007897,1
2024-04-15,0.5,Monday,ny,0.10164659931175404,1
2024-04-16,0.3,Tuesday,ny,0.0,0
2024-04-18,0.3,Thursday,london,0.2273725834797867,1
2024-04-18,0.5,Thursday,ny,0.027350615114243044,0
2024-04-25,0.3,Thursday,london,0.3013140009062069,1
2024-04-25,0.5,Thursday,ny,0.0,0
2024-05-01,0.3,Wednesday,ny,0.3915755657096503,1
2024-05-01,0.5,Wednesday,ny,0.06899240522121225,0
2024-05-01,0.7,Wednesday,ny,0.06899240522121225,0
2024-05-06,0.3,Monday,asia,0.5999315206798701,1
2024-05-06,0.5,Monday,asia,0.41187677234138065,1
2024-05-06,0.7,Monday,asia,0.19383159354889096,1
2024-05-06,0.9,Monday,ny,0.0,0
2024-05-09,0.3,Thursday,london,0.5173252852966179,1
2024-05-09,0.5,Thursday,london,0.5173252852966179,1
2024-05-09,0.7,Thursday,ny,0.25245685183439703,1
2024-05-09,0.9,Thursday,ny,0.11315665377724102,1
2024-05-14,0.3,Tuesday,london,0.2702474052369856,1
2024-05-14,0.5,Tuesday,ny,0.07395332521717446,0
2024-05-15,0.3,Wednesday,london,0.6656248382923748,1
2024-05-15,0.5,Wednesday,london,0.5101578266494184,1
2024-05-15,0.7,Wednesday,ny,0.28731694695989546,1
2024-05-15,0.9,Wednesday,ny,0.09258473479948728,0
2024-05-20,0.3,Monday,asia,0.26563726773096585,1
2024-05-20,0.5,Monday,asia,0.26563726773096585,1
2024-05-20,0.7,Monday,asia,0.030439071527789734,0
2024-05-27,0.3,Monday,london,0.24518789165356725,1
2024-05-27,0.5,Monday,ny,0.043436549570328775,0
2024-05-28,0.3,Tuesday,ny,0.0,0
2024-05-30,0.3,Thursday,ny,0.029113024577839933,0
2024-06-03,0.3,Monday,ny,0.5019937040923417,1
2024-06-03,0.5,Monday,ny,0.25141657922350835,1
2024-06-03,0.7,Monday,ny,0.0,0
2024-06-05,0.3,Wednesday,asia,0.4390882580491563,1
2024-06-05,0.5,Wednesday,ny,0.1998254279989603,1
2024-06-05,0.7,Wednesday,ny,0.09248348509194583,0
2024-06-06,0.3,Thursday,asia,0.30700220640272663,1
2024-06-06,0.5,Thursday,asia,0.1509512509887134,1
2024-06-10,0.3,Monday,ny,0.09662546687406084,0
2024-06-12,0.3,Wednesday,london,0.1274762240956782,1
2024-06-12,0.5,Wednesday,london,0.1274762240956782,1
2024-06-12,0.7,Wednesday,ny,0.0,0
2024-06-18,0.3,Tuesday,ny,0.012797589151178276,0
2024-06-20,0.3,Thursday,asia,0.7420629114850084,1
2024-06-20,0.5,Thursday,ny,0.4708119970738893,1
2024-06-20,0.7,Thursday,ny,0.3401609363569866,1
2024-06-20,0.9,Thursday,ny,0.14440380395025462,1
2024-06-24,0.3,Monday,asia,0.08991918332624374,0
2024-06-27,0.3,Thursday,london,0.7912578167098943,1
2024-06-27,0.5,Thursday,london,0.6128300562677705,1
2024-06-27,0.7,Thursday,london,0.374049149717404,1
2024-06-27,0.9,Thursday,london,0.1787786508264657,1
2024-06-27,1.1,Thursday,ny,0.0,0
2024-07-01,0.3,Monday,london,0.15490168521381173,1
2024-07-03,0.3,Wednesday,asia,0.8624110528229326,1
2024-07-03,0.5,Wednesday,asia,0.7477016568846462,1
2024-07-03,0.7,Wednesday,london,0.5588220017659566,1
2024-07-03,0.9,Wednesday,london,0.3188593985352937,1
2024-07-03,1.1,Wednesday,ny,0.0607178102113985,0
2024-07-09,0.3,Tuesday,ny,0.0,0
2024-07-10,0.3,Wednesday,asia,0.45562550771731086,1
2024-07-10,0.5,Wednesday,london,0.17965576766855712,1
2024-07-10,0.7,Wednesday,ny,0.0,0
2024-07-11,0.3,Thursday,asia,1.5190283400809832,1
2024-07-11,0.5,Thursday,london,0.5724696356275281,1
2024-07-11,0.7,Thursday,london,0.5724696356275281,1
2024-07-11,0.9,Thursday,london,0.5724696356275281,1
2024-07-11,1.1,Thursday,london,0.5724696356275281,1
2024-07-11,1.3,Thursday,london,0.5242914979757015,1
2024-07-15,0.3,Monday,london,0.6928409750779252,1
2024-07-15,0.5,Monday,ny,0.5158147968192692,1
2024-07-15,0.7,Monday,ny,0.25699489233613154,1
2024-07-15,0.9,Monday,ny,0.12592583814275685,1
2024-07-16,0.3,Tuesday,asia,1.1803750495722645,1
2024-07-16,0.5,Tuesday,asia,0.9741544388419934,1
2024-07-16,0.7,Tuesday,ny,0.7366834740241311,1
2024-07-16,0.9,Tuesday,ny,0.5066681774403673,1
2024-07-16,1.1,Tuesday,ny,0.3903914792363002,1
2024-07-16,1.3,Tuesday,ny,0.17179763186221694,1
2024-07-17,0.3,Wednesday,asia,0.1505102040816269,1
2024-07-18,0.3,Thursday,asia,0.08592654737330789,0
2024-07-23,0.3,Tuesday,london,0.1422761267774048,1
2024-07-24,0.3,Wednesday,london,0.345414847161568,1
2024-07-24,0.5,Wednesday,ny,0.1467248908297001,1
2024-07-28,0.3,Sunday,late,0.0,0
2024-07-30,0.3,Tuesday,ny,0.4709276941475686,1
2024-07-30,0.5,Tuesday,ny,0.3343267715788062,1
2024-07-30,0.7,Tuesday,ny,0.04956434252737712,0
2024-07-31,0.3,Wednesday,asia,0.7968190243855628,1
2024-07-31,0.5,Wednesday,ny,0.6045390370633615,1
2024-07-31,0.7,Wednesday,ny,0.4037879733766265,1
2024-07-31,0.9,Wednesday,ny,0.18515352625361978,1
2024-07-31,1.1,Wednesday,ny,0.0016135383551498519,0
2024-08-01,0.3,Thursday,asia,0.10276597160813439,1
2024-08-05,0.3,Monday,asia,0.054102780258579584,0
2024-08-06,0.3,Tuesday,asia,0.0,0
2024-08-07,0.3,Wednesday,asia,0.2205831875224964,1
2024-08-07,0.5,Wednesday,london,0.0,0
2024-08-08,0.3,Thursday,asia,0.6369114941170584,1
2024-08-08,0.5,Thursday,london,0.5025574368237223,1
2024-08-08,0.7,Thursday,london,0.28726008204055264,1
2024-08-08,0.9,Thursday,ny,0.0835429362413349,0
2024-08-12,0.3,Monday,asia,0.7610754433867151,1
2024-08-12,0.5,Monday,ny,0.4897055567854761,1
2024-08-12,0.7,Monday,ny,0.386851318885864,1
2024-08-12,0.9,Monday,ny,0.18550496478324544,1
2024-08-14,0.3,Wednesday,london,0.03232319790078172,0
2024-08-15,0.3,Thursday,london,0.15332711706366126,1
2024-08-20,0.3,Tuesday,london,0.2427587379879175,1
2024-08-20,0.5,Tuesday,london,0.15382260396292305,1
2024-08-26,0.3,Monday,london,0.0061272977366522985,0
2024-08-27,0.3,Tuesday,ny,0.09226648670308098,0
2024-08-29,0.3,Thursday,asia,0.3132620240855645,1
2024-08-29,0.5,Thursday,ny,0.0903582915700494,0
2024-09-05,0.3,Thursday,asia,0.6339432208024708,1
2024-09-05,0.5,Thursday,london,0.2686819469994618,1
2024-09-05,0.7,Thursday,london,0.23631482125988026,1
2024-09-05,0.9,Thursday,london,0.0,0
2024-09-09,0.3,Monday,ny,0.03790122857280853,0
2024-09-10,0.3,Tuesday,ny,0.012300457864126353,0
2024-09-11,0.3,Wednesday,asia,0.0,0
2024-09-12,0.3,Thursday,asia,1.3111168966414979,1
2024-09-12,0.5,Thursday,london,1.028482166102582,1
2024-09-12,0.7,Thursday,london,0.8567213399288475,1
2024-09-12,0.9,Thursday,ny,0.6126876681419796,1
2024-09-12,1.1,Thursday,ny,0.3846220602273685,1
2024-09-12,1.3,Thursday,ny,0.29037577019874095,1
2024-09-16,0.3,Monday,asia,0.022895788502919127,0
2024-09-18,0.3,Wednesday,ny,0.2857377722975771,1
2024-09-18,0.5,Wednesday,ny,0.2857377722975771,1
2024-09-18,0.7,Wednesday,ny,0.07628442252363883,0
2024-09-19,0.3,Thursday,asia,0.8338789058029068,1
2024-09-19,0.5,Thursday,asia,0.5597115714776287,1
2024-09-19,0.7,Thursday,asia,0.4372896875357669,1
2024-09-19,0.9,Thursday,london,0.08124070046927856,0
2024-09-19,1.1,Thursday,london,0.0,0
2024-09-23,0.3,Monday,asia,0.12110672641741134,1
2024-09-24,0.3,Tuesday,asia,0.848852317020354,1
2024-09-24,0.5,Tuesday,ny,0.6434603724556048,1
2024-09-24,0.7,Tuesday,ny,0.41154179298398347,1
2024-09-24,0.9,Tuesday,ny,0.21645734084020019,1
2024-09-24,1.1,Tuesday,ny,0.0,0
2024-09-25,0.3,Wednesday,asia,0.0,0
2024-09-26,0.3,Thursday,asia,0.5953382603752068,1
2024-09-26,0.5,Thursday,london,0.37916998294485005,1
2024-09-26,0.7,Thursday,london,0.20582148948265055,1
2024-09-26,0.9,Thursday,london,0.0,0
2024-10-01,0.3,Tuesday,asia,0.7446808510638285,1
2024-10-01,0.5,Tuesday,london,0.5199752117331127,1
2024-10-01,0.7,Tuesday,ny,0.14315224127247203,1
2024-10-01,0.9,Tuesday,ny,0.14315224127247203,1
2024-10-08,0.3,Tuesday,london,0.0,0
2024-10-10,0.3,Thursday,london,0.5689560918871842,1
2024-10-10,0.5,Thursday,london,0.3704565280604823,1
2024-10-10,0.7,Thursday,ny,0.18075021808665884,1
2024-10-14,0.3,Monday,asia,0.31345131282643446,1
2024-10-14,0.5,Monday,asia,0.0,0
2024-10-15,0.3,Tuesday,ny,0.22417288729150267,1
2024-10-15,0.5,Tuesday,ny,0.1196663901944533,1
2024-10-16,0.3,Wednesday,asia,0.49824961328666206,1
2024-10-16,0.5,Wednesday,asia,0.25026459334038725,1
2024-10-16,0.7,Wednesday,london,0.11251322966701703,1
2024-10-17,0.3,Thursday,asia,0.39316158363326753,1
2024-10-17,0.5,Thursday,ny,0.21796268232620686,1
2024-10-17,0.7,Thursday,ny,0.038288501610160015,0
2024-10-21,0.3,Monday,asia,0.3006134969325139,1
2024-10-21,0.5,Monday,london,0.09363371215930288,0
2024-10-22,0.3,Tuesday,asia,0.6427073309151929,1
2024-10-22,0.5,Tuesday,asia,0.40607496237076895,1
2024-10-22,0.7,Tuesday,ny,0.23594147111801758,1
2024-10-22,0.9,Tuesday,ny,0.04456288400325583,0
2024-10-23,0.3,Wednesday,london,0.081088010441921,0
2024-10-24,0.3,Thursday,asia,0.4127056290004093,1
2024-10-24,0.5,Thursday,asia,0.22728958545193045,1
2024-10-24,0.7,Thursday,ny,0.017084405096600332,0
2024-10-28,0.3,Monday,asia,0.04885797913593198,0
2024-10-29,0.3,Tuesday,asia,0.5981279176091118,1
2024-10-29,0.5,Tuesday,ny,0.49015833293227723,1
2024-10-29,0.7,Tuesday,ny,0.29426343904902824,1
2024-10-29,0.9,Tuesday,ny,0.12616102796091816,1
2024-10-30,0.3,Wednesday,asia,0.21057538952276136,1
2024-10-30,0.5,Wednesday,asia,0.007385596859286058,0
2024-11-04,0.3,Monday,ny,0.0,0
2024-11-05,0.3,Tuesday,ny,0.10853355426678007,1
2024-11-07,0.3,Thursday,ny,0.8369536672294101,1
2024-11-07,0.5,Thursday,ny,0.7160195085349809,1
2024-11-07,0.7,Thursday,ny,0.5111798912024049,1
2024-11-07,0.9,Thursday,ny,0.27587694616394964,1
2024-11-07,1.1,Thursday,ny,0.0,0
2024-11-13,0.3,Wednesday,asia,0.1487301762394939,1
2024-11-18,0.3,Monday,asia,0.4797203591211749,1
2024-11-18,0.5,Monday,asia,0.4797203591211749,1
2024-11-18,0.7,Monday,ny,0.2667131653433442,1
2024-11-18,0.9,Monday,ny,0.07323541577115955,0
2024-11-19,0.3,Tuesday,asia,0.2853972941692935,1
2024-11-19,0.5,Tuesday,london,0.09174282635590891,0
2024-11-20,0.3,Wednesday,ny,0.15250998784089004,1
2024-11-21,0.3,Thursday,london,0.14557937625502532,1
2024-11-26,0.3,Tuesday,asia,0.37364846717568656,1
2024-11-26,0.5,Tuesday,london,0.1537351801404331,1
2024-11-27,0.3,Wednesday,asia,0.28349795308337417,1
2024-11-27,0.5,Wednesday,london,0.08346871141724763,0
2024-12-03,0.3,Tuesday,ny,0.02650457055357008,0
2024-12-04,0.3,Wednesday,ny,0.030214565810146955,0
2024-12-09,0.3,Monday,london,0.6327631751503441,1
2024-12-09,0.5,Monday,london,0.4175581242857419,1
2024-12-09,0.7,Monday,ny,0.18727167131910366,1
2024-12-09,0.9,Monday,ny,0.03003166157708321,0
2024-12-10,0.3,Tuesday,asia,0.6419628414074243,1
2024-12-10,0.5,Tuesday,ny,0.42753887439572597,1
2024-12-10,0.7,Tuesday,ny,0.2231946665170499,1
2024-12-10,0.9,Tuesday,ny,0.07422368088866528,0
2024-12-11,0.3,Wednesday,ny,0.19857173694056068,1
2024-12-11,0.5,Wednesday,ny,0.13108001151244578,1
2024-12-16,0.3,Monday,london,0.06813180000619984,0
2024-12-19,0.3,Thursday,asia,0.6546963955901652,1
2024-12-19,0.5,Thursday,asia,0.29109465145947344,1
2024-12-19,0.7,Thursday,asia,0.29109465145947344,1
2024-12-19,0.9,Thursday,asia,0.10129667358480263,1
2024-12-26,0.3,Thursday,london,0.24508483705899187,1
2024-12-26,0.5,Thursday,ny,0.046727713439270895,0
2025-01-02,0.3,Thursday,asia,0.76423122065728,1
2025-01-02,0.5,Thursday,london,0.41740023474178184,1
2025-01-02,0.7,Thursday,ny,0.3364143192488309,1
2025-01-02,0.9,Thursday,ny,0.13526995305164707,1
2025-01-07,0.3,Tuesday,asia,0.5726542855882515,1
2025-01-07,0.5,Tuesday,london,0.3997309100533685,1
2025-01-07,0.7,Tuesday,ny,0.0985663240548771,0
2025-01-07,0.9,Tuesday,ny,0.0,0
2025-01-08,0.3,Wednesday,ny,0.33099120597464315,1
2025-01-08,0.5,Wednesday,ny,0.07656104998011129,0
2025-01-09,0.3,Thursday,london,0.2021939727103248,1
2025-01-09,0.5,Thursday,ny,0.0,0
2025-01-14,0.3,Tuesday,ny,0.07175982426165099,0
2025-01-15,0.3,Wednesday,london,0.4222353636901165,1
2025-01-15,0.5,Wednesday,ny,0.14488468361915394,1
2025-01-15,0.7,Wednesday,ny,0.055884092253100884,0
2025-01-16,0.3,Thursday,london,0.6352254858418542,1
2025-01-16,0.5,Thursday,london,0.45591712780132027,1
2025-01-16,0.7,Thursday,ny,0.21426256466888352,1
2025-01-16,0.9,Thursday,ny,0.07360549280390065,0
2025-01-20,0.3,Monday,asia,0.27410217375028995,1
2025-01-20,0.5,Monday,asia,0.0,0
2025-01-21,0.3,Tuesday,asia,0.890215121759153,1
2025-01-21,0.5,Tuesday,asia,0.6775082624413795,1
2025-01-21,0.7,Tuesday,asia,0.4341331297054124,1
2025-01-21,0.9,Tuesday,ny,0.2460477491558518,1
2025-01-21,1.1,Tuesday,ny,0.03641439872095185,0
2025-01-22,0.3,Wednesday,asia,0.32673230355609256,1
2025-01-22,0.5,Wednesday,london,0.047572223397759475,0
2025-01-28,0.3,Tuesday,ny,0.4744083922908147,1
2025-01-28,0.5,Tuesday,ny,0.2795559892656732,1
2025-01-28,0.7,Tuesday,ny,0.06694315686753004,0
2025-01-30,0.3,Thursday,asia,0.9808906453323011,1
2025-01-30,0.5,Thursday,london,0.7410236637910326,1
2025-01-30,0.7,Thursday,london,0.5831365367005602,1
2025-01-30,0.9,Thursday,ny,0.3490047713142742,1
2025-01-30,1.1,Thursday,ny,0.05684611306568819,0
2025-02-03,0.3,Monday,london,0.8357033570335782,1
2025-02-03,0.5,Monday,london,0.6260687606876081,1
2025-02-03,0.7,Monday,ny,0.3535910359103569,1
2025-02-03,0.9,Monday,ny,0.0,0
2025-02-03,1.1,Monday,ny,0.0,0
2025-02-04,0.3,Tuesday,asia,0.6476747767169637,1
2025-02-04,0.5,Tuesday,ny,0.3150600554357884,1
2025-02-04,0.7,Tuesday,ny,0.25823837388357834,1
2025-02-04,0.9,Tuesday,ny,0.03279950723743773,0
2025-02-05,0.3,Wednesday,asia,0.85665473654618,1
2025-02-05,0.5,Wednesday,asia,0.7302531276018277,1
2025-02-05,0.7,Wednesday,london,0.5081798817079862,1
2025-02-05,0.9,Wednesday,london,0.3038179989835932,1
2025-02-05,1.1,Wednesday,ny,0.12988332990927978,1
2025-02-10,0.3,Monday,asia,1.1704242907713043,1
2025-02-10,0.5,Monday,asia,0.9949444084359641,1
2025-02-10,0.7,Monday,asia,0.7195093982150869,1
2025-02-10,0.9,Monday,london,0.5758588024131228,1
2025-02-10,1.1,Monday,ny,0.298190158049567,1
2025-02-11,0.3,Tuesday,asia,0.28999861412666966,1
2025-02-11,0.5,Tuesday,asia,0.004268489860037615,0
2025-02-13,0.3,Thursday,asia,0.3578710363374891,1
2025-02-13,0.5,Thursday,ny,0.14597535805866618,1
2025-02-17,0.3,Monday,asia,0.2384009691096339,1
2025-02-17,0.5,Monday,asia,0.139915202907331,1
2025-02-18,0.3,Tuesday,asia,0.5253274564430938,1
2025-02-18,0.5,Tuesday,ny,0.3629090606678039,1
2025-02-18,0.7,Tuesday,ny,0.16730841199218127,1
2025-02-19,0.3,Wednesday,london,0.009025362626179532,0
2025-02-20,0.3,Thursday,asia,0.13994698977660097,1
2025-02-24,0.3,Monday,london,0.12355089444409507,1
2025-03-03,0.3,Monday,ny,0.13314124497268917,1
2025-03-03,0.5,Monday,ny,0.0648298217179859,0
2025-03-04,0.3,Tuesday,london,0.5135602506591724,1
2025-03-04,0.5,Tuesday,london,0.3297092764441927,1
2025-03-04,0.7,Tuesday,london,0.17282470979009096,1
2025-03-05,0.3,Wednesday,ny,0.007702008446813742,0
2025-03-11,0.3,Tuesday,asia,0.5608653003116355,1
2025-03-11,0.5,Tuesday,london,0.3588808736338588,1
2025-03-11,0.7,Tuesday,london,0.1944495082337213,1
2025-03-11,0.9,Tuesday,ny,0.0,0
2025-03-12,0.3,Wednesday,ny,0.3049280162858301,1
2025-03-12,0.5,Wednesday,ny,0.10095834519403724,1
2025-03-13,0.3,Thursday,ny,0.8768941121828571,1
2025-03-13,0.5,Thursday,ny,0.5537484137976744,1
2025-03-13,0.7,Thursday,ny,0.43647311542575656,1
2025-03-13,0.9,Thursday,ny,0.28436357001268686,1
2025-03-13,1.1,Thursday,ny,0.10415439865306811,1
2025-03-17,0.3,Monday,ny,0.023335671151025146,0
2025-03-18,0.3,Tuesday,asia,0.6664114344053127,1
2025-03-18,0.5,Tuesday,london,0.47256253190402986,1
2025-03-18,0.7,Tuesday,london,0.28254211332311685,1
2025-03-18,0.9,Tuesday,london,0.06100051046451952,0
2025-03-19,0.3,Wednesday,asia,0.23845515979297813,1
2025-03-19,0.5,Wednesday,ny,0.0,0
2025-03-25,0.3,Tuesday,asia,0.42358923452488145,1
2025-03-25,0.5,Tuesday,ny,0.14946871549689492,1
2025-03-25,0.7,Tuesday,ny,0.0,0
2025-03-26,0.3,Wednesday,london,0.0,0
2025-03-27,0.3,Thursday,asia,0.7721805284260387,1
2025-03-27,0.5,Thursday,london,0.5352729515780891,1
2025-03-27,0.7,Thursday,london,0.3740721702477609,1
2025-03-27,0.9,Thursday,london,0.17933586922997896,1
2025-03-31,0.3,Monday,asia,0.608124643119346,1
2025-03-31,0.5,Monday,asia,0.608124643119346,1
2025-03-31,0.7,Monday,asia,0.34389020311608,1
2025-03-31,0.9,Monday,asia,0.0,0
2025-03-31,1.1,Monday,asia,0.0,0
2025-04-01,0.3,Tuesday,asia,0.40416666666667134,1
2025-04-01,0.5,Tuesday,asia,0.2493055555555654,1
2025-04-01,0.7,Tuesday,asia,0.08305555555556204,0
2025-04-02,0.3,Wednesday,asia,1.0036253405157396,1
2025-04-02,0.5,Wednesday,asia,1.0036253405157396,1
2025-04-02,0.7,Wednesday,ny,0.6450443438543273,1
2025-04-02,0.9,Wednesday,late,0.6034655797472518,1
2025-04-02,1.1,Wednesday,late,0.306249103905941,1
2025-04-07,0.3,Monday,asia,0.6839091352141659,1
2025-04-07,0.5,Monday,asia,0.0,0
2025-04-07,0.7,Monday,asia,0.0,0
2025-04-07,0.9,Monday,asia,0.0,0
2025-04-08,0.3,Tuesday,asia,0.4025027720576618,1
2025-04-08,0.5,Tuesday,asia,0.2650087121812156,1
2025-04-08,0.7,Tuesday,london,0.06006124927398479,0
2025-04-09,0.3,Wednesday,asia,1.5873758036236094,1
2025-04-09,0.5,Wednesday,asia,1.4721683226183502,1
2025-04-09,0.7,Wednesday,asia,1.2182700175336068,1
2025-04-09,0.9,Wednesday,asia,1.0466043249561632,1
2025-04-09,1.1,Wednesday,asia,0.7741320864991195,1
2025-04-09,1.3,Wednesday,london,0.5691642314436026,1
2025-04-10,0.3,Thursday,asia,1.1391962827804605,1
2025-04-10,0.5,Thursday,asia,1.1008865656266784,1
2025-04-10,0.7,Thursday,asia,0.9031243493221948,1
2025-04-10,0.9,Thursday,ny,0.646370998673988,1
2025-04-10,1.1,Thursday,ny,0.48627412302330425,1
2025-04-10,1.3,Thursday,ny,0.25176710392214624,1
2025-04-14,0.3,Monday,asia,0.0,0
2025-04-15,0.3,Tuesday,ny,0.26119830567435565,1
2025-04-16,0.3,Wednesday,asia,1.104976593927309,1
2025-04-16,0.5,Wednesday,asia,0.8952047375227263,1
2025-04-16,0.7,Wednesday,london,0.6381340039415762,1
2025-04-16,0.9,Wednesday,ny,0.5088637675903442,1
2025-04-16,1.1,Wednesday,ny,0.25226067827506227,1
2025-04-16,1.3,Wednesday,late,0.021645248877413713,0
2025-04-21,0.3,Monday,asia,0.8378299919948599,1
2025-04-21,0.5,Monday,asia,0.6747099237312723,1
2025-04-21,0.7,Monday,london,0.47581304925358425,1
2025-04-21,0.9,Monday,ny,0.24668138673610016,1
2025-04-21,1.1,Monday,late,0.0362694300518099,0
2025-04-22,0.3,Tuesday,asia,0.35737757244167206,1
2025-04-22,0.5,Tuesday,asia,0.12483580159512858,1
2025-04-22,0.7,Tuesday,asia,0.05093117375771557,0
2025-04-23,0.3,Wednesday,asia,0.16425881678294746,1
2025-04-23,0.5,Wednesday,asia,0.003907101213798681,0
2025-04-24,0.3,Thursday,asia,0.2374854759896232,1
2025-04-24,0.5,Thursday,asia,0.031085361389211277,0
2025-04-28,0.3,Monday,ny,0.2565494386195452,1
2025-04-28,0.5,Monday,ny,0.03765391537867752,0
2025-05-05,0.3,Monday,london,0.769661905622854,1
2025-05-05,0.5,Monday,london,0.5751823057916025,1
2025-05-05,0.7,Monday,london,0.34315675284758973,1
2025-05-05,0.9,Monday,ny,0.10630988971253146,1
2025-05-06,0.3,Tuesday,asia,0.7829415199532868,1
2025-05-06,0.5,Tuesday,asia,0.5967108473247628,1
2025-05-06,0.7,Tuesday,ny,0.4280057912123933,1
2025-05-06,0.9,Tuesday,ny,0.19709319532543493,1
2025-05-06,1.1,Tuesday,ny,0.0,0
2025-05-08,0.3,Thursday,asia,0.055250869785779685,0
2025-05-13,0.3,Tuesday,asia,0.0,0
2025-05-15,0.3,Thursday,ny,0.4827421778873364,1
2025-05-15,0.5,Thursday,ny,0.2742433338016609,1
2025-05-15,0.7,Thursday,late,0.0641947555975656,0
2025-05-18,0.3,Sunday,late,0.0035965163485653586,0
2025-05-20,0.3,Tuesday,london,0.6117355467173855,1
2025-05-20,0.5,Tuesday,ny,0.26145599169980793,1
2025-05-20,0.7,Tuesday,ny,0.2096374430802922,1
2025-05-20,0.9,Tuesday,late,0.0,0
2025-05-21,0.3,Wednesday,asia,0.061019677690056735,0
2025-05-29,0.3,Thursday,asia,0.6536400146038699,1
2025-05-29,0.5,Thursday,london,0.433715467932332,1
2025-05-29,0.7,Thursday,london,0.27131069733479063,1
2025-05-29,0.9,Thursday,ny,0.024670804429839863,0
2025-06-02,0.3,Monday,asia,0.7629782760684631,1
2025-06-02,0.5,Monday,asia,0.5563720682249105,1
2025-06-02,0.7,Monday,london,0.45137893397312706,1
2025-06-02,0.9,Monday,ny,0.2257598849169789,1
2025-06-02,1.1,Monday,late,0.011759794379643704,0
2025-06-04,0.3,Wednesday,ny,0.0,0
2025-06-05,0.3,Thursday,london,0.07966597371480598,0
2025-06-09,0.3,Monday,ny,0.005647268480054562,0
2025-06-10,0.3,Tuesday,ny,0.04952515032929517,0
2025-06-11,0.3,Wednesday,asia,0.42961603181887403,1
2025-06-11,0.5,Wednesday,london,0.22024782010096405,1
2025-06-11,0.7,Wednesday,late,0.06459232063637722,0
2025-06-12,0.3,Thursday,london,0.22946365406407357,1
2025-06-12,0.5,Thursday,ny,0.0014900237276894105,0
2025-06-23,0.3,Monday,ny,0.10071513283574765,1
2025-06-30,0.3,Monday,asia,0.6335965836379462,1
2025-06-30,0.5,Monday,asia,0.4911586077193363,1
2025-06-30,0.7,Monday,ny,0.3034849438265782,1
2025-06-30,0.9,Monday,ny,0.09789517594406302,0
2025-07-01,0.3,Tuesday,asia,0.5721531333820996,1
2025-07-01,0.5,Tuesday,asia,0.3740551085101224,1
2025-07-01,0.7,Tuesday,london,0.18210192635942496,1
2025-07-02,0.3,Wednesday,ny,0.21628557757833605,1
2025-07-02,0.5,Wednesday,late,0.0,0
2025-07-07,0.3,Monday,late,0.01855249745157561,0
2025-07-09,0.3,Wednesday,ny,0.10489221199074297,1
2025-07-15,0.3,Tuesday,asia,0.11585326851733806,1
2025-07-16,0.3,Wednesday,ny,0.5121831714354595,1
2025-07-16,0.5,Wednesday,ny,0.5121831714354595,1
2025-07-16,0.7,Wednesday,ny,0.13327215175107107,1
2025-07-16,0.9,Wednesday,ny,0.0,0
2025-07-21,0.3,Monday,asia,0.9606284308158249,1
2025-07-21,0.5,Monday,asia,0.7854868962194355,1
2025-07-21,0.7,Monday,london,0.46375165625591547,1
2025-07-21,0.9,Monday,london,0.3676285856865128,1
2025-07-21,1.1,Monday,ny,0.1803210985493811,1
2025-07-22,0.3,Tuesday,ny,0.4491728532179819,1
2025-07-22,0.5,Tuesday,ny,0.3605541591161531,1
2025-07-22,0.7,Tuesday,ny,0.1333956859765098,1
2025-07-29,0.3,Tuesday,london,0.1589944254749985,1
2025-07-29,0.5,Tuesday,ny,0.0,0
2025-07-31,0.3,Thursday,asia,0.3458479632772129,1
2025-07-31,0.5,Thursday,asia,0.11177928790947579,1
2025-08-04,0.3,Monday,ny,0.1656409767404343,1
2025-08-07,0.3,Thursday,asia,0.5361801999512238,1
2025-08-07,0.5,Thursday,asia,0.3329523287003172,1
2025-08-07,0.7,Thursday,late,0.0,0
2025-08-13,0.3,Wednesday,london,0.1684705960894935,1
2025-08-18,0.3,Monday,asia,0.39047544803332895,1
2025-08-18,0.5,Monday,asia,0.23852956716817691,1
2025-08-18,0.7,Monday,asia,0.005214423684909655,0
2025-08-19,0.3,Tuesday,london,0.05866336862118895,0
2025-08-20,0.3,Wednesday,asia,0.6792616520535394,1
2025-08-20,0.5,Wednesday,london,0.43169358560222565,1
2025-08-20,0.7,Wednesday,london,0.26953391785879893,1
2025-08-20,0.9,Wednesday,ny,0.052330410706047666,0
2025-08-26,0.3,Tuesday,asia,0.642078572799543,1
2025-08-26,0.5,Tuesday,asia,0.374640118798676,1
2025-08-26,0.7,Tuesday,asia,0.374640118798676,1
2025-08-26,0.9,Tuesday,ny,0.12247578062651968,1
2025-08-28,0.3,Thursday,london,0.44465570821066086,1
2025-08-28,0.5,Thursday,ny,0.27291871115472327,1
2025-08-28,0.7,Thursday,ny,0.07799721949623571,0
2025-09-01,0.3,Monday,asia,0.8451166072120615,1
2025-09-01,0.5,Monday,asia,0.5143038842572735,1
2025-09-01,0.7,Monday,asia,0.37254687639734635,1
2025-09-01,0.9,Monday,asia,0.1364706817571999,1
2025-09-01,1.1,Monday,asia,0.0,0
2025-09-02,0.3,Tuesday,asia,1.0818432858414113,1
2025-09-02,0.5,Tuesday,asia,0.9593122998871542,1
2025-09-02,0.7,Tuesday,asia,0.8032586857001326,1
2025-09-02,0.9,Tuesday,ny,0.5946734433629087,1
2025-09-02,1.1,Tuesday,ny,0.3546205998110075,1
2025-09-02,1.3,Tuesday,ny,0.2534105191695439,1
2025-09-03,0.3,Wednesday,asia,0.7943568104025934,1
2025-09-03,0.5,Wednesday,london,0.7352808012025299,1
2025-09-03,0.7,Wednesday,ny,0.533078580871825,1
2025-09-03,0.9,Wednesday,ny,0.3259322310158116,1
2025-09-03,1.1,Wednesday,ny,0.10408026513573788,1
2025-09-08,0.3,Monday,asia,0.7780590847178542,1
2025-09-08,0.5,Monday,london,0.6302472508445627,1
2025-09-08,0.7,Monday,london,0.44074213730001655,1
2025-09-08,0.9,Monday,ny,0.20404928087173227,1
2025-09-08,1.1,Monday,ny,0.0,0
2025-09-09,0.3,Tuesday,asia,0.4508598670597855,1
2025-09-09,0.5,Tuesday,asia,0.33711033128946455,1
2025-09-09,0.7,Tuesday,ny,0.13528979301040647,1
2025-09-10,0.3,Wednesday,asia,0.199089756024775,1
2025-09-15,0.3,Monday,ny,0.6563989460907712,1
2025-09-15,0.5,Monday,ny,0.4430563367772906,1
2025-09-15,0.7,Monday,ny,0.07781461854998906,0
2025-09-15,0.9,Monday,ny,0.07781461854998906,0
2025-09-16,0.3,Tuesday,asia,0.18534035268563434,1
2025-09-16,0.5,Tuesday,ny,0.0,0
2025-09-22,0.3,Monday,asia,0.8649802417145039,1
2025-09-22,0.5,Monday,asia,0.6430817156537529,1
2025-09-22,0.7,Monday,london,0.5410164700452875,1
2025-09-22,0.9,Monday,ny,0.34688049842799673,1
2025-09-22,1.1,Monday,ny,0.1636476391012149,1
2025-09-23,0.3,Tuesday,london,0.4195845398825911,1
2025-09-23,0.5,Tuesday,london,0.32130257021937575,1
2025-09-23,0.7,Tuesday,london,0.12151956945053143,1
2025-09-24,0.3,Wednesday,asia,0.0,0
2025-09-25,0.3,Thursday,london,0.0360964422142826,0
2025-09-29,0.3,Monday,asia,1.0267059301381047,1
2025-09-29,0.5,Monday,asia,0.7211616571892813,1
2025-09-29,0.7,Monday,asia,0.5599106417546742,1
2025-09-29,0.9,Monday,asia,0.44953290008123914,1
2025-09-29,1.1,Monday,london,0.19547116165718925,1
2025-09-29,1.3,Monday,london,0.05787977254265563,0
2025-09-30,0.3,Tuesday,asia,0.39915138242540243,1
2025-09-30,0.5,Tuesday,asia,0.23876266082671851,1
2025-09-30,0.7,Tuesday,asia,0.0339173282233777,0
2025-10-01,0.3,Wednesday,asia,0.29741513970198474,1
2025-10-01,0.5,Wednesday,london,0.0,0
2025-10-02,0.3,Thursday,london,0.29613880991064107,1
2025-10-02,0.5,Thursday,london,0.08787317221771207,0
2025-10-05,0.3,Sunday,late,0.0,0
2025-10-05,0.5,Sunday,late,0.0,0
2025-10-06,0.3,Monday,asia,0.7802273038477384,1
2025-10-06,0.5,Monday,asia,0.6006941757109993,1
2025-10-06,0.7,Monday,ny,0.28955342950187807,1
2025-10-06,0.9,Monday,ny,0.19978686543350468,1
2025-10-06,1.1,Monday,late,0.0,0
2025-10-07,0.3,Tuesday,ny,0.1428735236784759,1
2025-10-08,0.3,Wednesday,asia,0.7291326839725929,1
2025-10-08,0.5,Wednesday,asia,0.5218926224542085,1
2025-10-08,0.7,Wednesday,asia,0.3272941231299815,1
2025-10-08,0.9,Wednesday,london,0.15740783893368268,1
2025-10-09,0.3,Thursday,asia,0.38589367457911466,1
2025-10-09,0.5,Thursday,london,0.1737435975593173,1
2025-10-09,0.7,Thursday,ny,0.0,0
2025-10-12,0.3,Sunday,late,0.22395239222607566,1
2025-10-12,0.5,Sunday,late,0.0,0
2025-10-13,0.3,Monday,asia,1.0478854251032437,1
2025-10-13,0.5,Monday,asia,0.8157575696599803,1
2025-10-13,0.7,Monday,london,0.6560992419021284,1
2025-10-13,0.9,Monday,ny,0.4562270168572306,1
2025-10-13,1.1,Monday,ny,0.2153661959786096,1
2025-10-14,0.3,Tuesday,asia,0.40921612087230297,1
2025-10-14,0.5,Tuesday,asia,0.18364720791072456,1
2025-10-14,0.7,Tuesday,asia,0.0,0
2025-10-15,0.3,Wednesday,asia,0.4375887294183028,1
2025-10-15,0.5,Wednesday,asia,0.23698595893802565,1
2025-10-15,0.7,Wednesday,london,0.025488041278921725,0
2025-10-16,0.3,Thursday,asia,1.7932979734494225,1
2025-10-16,0.5,Thursday,london,1.5899071036575958,1
2025-10-16,0.7,Thursday,ny,1.3908697918263475,1
2025-10-16,0.9,Thursday,ny,1.0889413496029685,1
2025-10-16,1.1,Thursday,ny,0.8353312689701661,1
2025-10-16,1.3,Thursday,ny,0.7417604316767288,1
2025-10-20,0.3,Monday,asia,1.1652876944795385,1
2025-10-20,0.5,Monday,london,0.8466802773012375,1
2025-10-20,0.7,Monday,london,0.5974796859426273,1
2025-10-20,0.9,Monday,london,0.5601825949378803,1
2025-10-20,1.1,Monday,ny,0.34807160033642953,1
2025-10-20,1.3,Monday,ny,0.17263521399696308,1
2025-10-22,0.3,Wednesday,asia,0.16914103608397354,1
2025-10-22,0.5,Wednesday,asia,0.01677259782033037,0
2025-10-23,0.3,Thursday,asia,0.13897187716570347,1
2025-10-23,0.5,Thursday,ny,0.03872786251317622,0
2025-10-29,0.3,Wednesday,london,0.15023561277874928,1
2025-10-30,0.3,Thursday,london,0.28840376527137945,1
2025-10-30,0.5,Thursday,ny,0.15166687908526358,1
2025-11-03,0.3,Monday,asia,0.053967852034231115,0
2025-11-05,0.3,Wednesday,asia,0.13064470957261978,1
2025-11-06,0.3,Thursday,asia,0.08695705021848493,0
2025-11-10,0.3,Monday,asia,0.7362906482603313,1
2025-11-10,0.5,Monday,asia,0.5982653284279414,1
2025-11-10,0.7,Monday,london,0.4100301214862911,1
2025-11-10,0.9,Monday,london,0.23694087222636123,1
2025-11-10,1.1,Monday,late,0.02650542594301305,0
2025-11-11,0.3,Tuesday,asia,0.010352574278515615,0
2025-11-12,0.3,Wednesday,ny,0.4318265155248869,1
2025-11-12,0.5,Wednesday,ny,0.2457486446525407,1
2025-11-12,0.7,Wednesday,ny,0.05829078363725694,0
2025-11-13,0.3,Thursday,asia,0.28367702882937545,1
2025-11-13,0.5,Thursday,london,0.07678891335400832,0
2025-11-16,0.3,Sunday,late,0.0,0
2025-11-18,0.3,Tuesday,ny,0.16282885431400135,1
2025-11-18,0.5,Tuesday,ny,0.007524752475247111,0
2025-11-19,0.3,Wednesday,london,0.19300192428379692,1
2025-11-19,0.5,Wednesday,london,0.15093367247275938,1
2025-11-24,0.3,Monday,ny,0.33617021276595743,1
2025-11-24,0.5,Monday,ny,0.20777304964539461,1
2025-11-24,0.7,Monday,late,0.05066666666666832,0
2025-11-26,0.3,Wednesday,asia,0.10160054521798224,1
2025-12-01,0.3,Monday,asia,0.09997533076253905,0
2025-12-01,0.5,Monday,ny,0.0,0
2025-12-03,0.3,Wednesday,ny,0.03929676498706647,0
2025-12-09,0.3,Tuesday,london,0.1450913090245436,1
2025-12-10,0.3,Wednesday,ny,0.04935734545834527,0
2025-12-11,0.3,Thursday,ny,0.5051780907591502,1
2025-12-11,0.5,Thursday,ny,0.3789050284810429,1
2025-12-11,0.7,Thursday,ny,0.1176030559626284,1
2025-12-11,0.9,Thursday,ny,0.0,0
2025-12-15,0.3,Monday,asia,0.42958287231019493,1
2025-12-15,0.5,Monday,asia,0.17056344585320732,1
2025-12-15,0.7,Monday,asia,0.09861360517071162,0
2025-12-16,0.3,Tuesday,ny,0.07619249998525282,0
2025-12-16,0.5,Tuesday,ny,0.0,0
2025-12-17,0.3,Wednesday,asia,0.3629366761913544,1
2025-12-17,0.5,Wednesday,asia,0.14517467047654176,1
2025-12-18,0.3,Thursday,ny,0.10637482137255543,1
2025-12-18,0.5,Thursday,ny,0.0,0
2025-12-22,0.3,Monday,asia,1.2281990106995535,1
2025-12-22,0.5,Monday,asia,1.1500250991274485,1
2025-12-22,0.7,Monday,asia,0.9561695911380355,1
2025-12-22,0.9,Monday,asia,0.6553974404530254,1
2025-12-22,1.1,Monday,ny,0.5506128135275804,1
2025-12-22,1.3,Monday,ny,0.3709707440058174,1
2025-12-23,0.3,Tuesday,asia,0.3687656100432344,1
2025-12-23,0.5,Tuesday,asia,0.20171201601988278,1
2025-12-25,0.3,Thursday,late,0.0,0
2025-12-25,0.5,Thursday,late,0.0,0
2025-12-30,0.3,Tuesday,asia,0.3332921356455215,1
2025-12-30,0.5,Tuesday,london,0.14874638277198107,1
2026-01-05,0.3,Monday,asia,0.43778295175268694,1
2026-01-05,0.5,Monday,asia,0.43778295175268694,1
2026-01-05,0.7,Monday,london,0.29036508860431715,1
2026-01-05,0.9,Monday,ny,0.05110108653472368,0
2026-01-06,0.3,Tuesday,asia,0.3652570931623059,1
2026-01-06,0.5,Tuesday,ny,0.12152689704598243,1
2026-01-12,0.3,Monday,asia,0.37511052083760604,1
2026-01-12,0.5,Monday,asia,0.37511052083760604,1
2026-01-12,0.7,Monday,ny,0.21612466377415623,1
2026-01-12,0.9,Monday,ny,0.02695029640103036,0
2026-01-13,0.3,Tuesday,ny,0.0,0
2026-01-14,0.3,Wednesday,asia,0.18924394727579205,1
2026-01-14,0.5,Wednesday,ny,0.0,0
2026-01-18,0.3,Sunday,late,0.07427114510586184,0
2026-01-20,0.3,Tuesday,asia,1.1290831268303656,1
2026-01-20,0.5,Tuesday,asia,0.9655971422134982,1
2026-01-20,0.7,Tuesday,asia,0.7577639751552753,1
2026-01-20,0.9,Tuesday,london,0.5782512148810863,1
2026-01-20,1.1,Tuesday,ny,0.3917870820326255,1
2026-01-20,1.3,Tuesday,ny,0.19161329771827876,1
2026-01-21,0.3,Wednesday,asia,0.9794107681058595,1
2026-01-21,0.5,Wednesday,asia,0.7575125283113108,1
2026-01-21,0.7,Wednesday,asia,0.6427870811263849,1
2026-01-21,0.9,Wednesday,asia,0.4831826369197279,1
2026-01-21,1.1,Wednesday,asia,0.28425445401530647,1
2026-01-21,1.3,Wednesday,asia,0.0,0
2026-01-22,0.3,Thursday,asia,1.7626607775769276,1
2026-01-22,0.5,Thursday,asia,1.6235602553237707,1
2026-01-22,0.7,Thursday,asia,1.4320340320365375,1
2026-01-22,0.9,Thursday,ny,1.2205778599726969,1
2026-01-22,1.1,Thursday,ny,1.0141480093012005,1
2026-01-22,1.3,Thursday,ny,0.779488934995975,1
2026-01-26,0.3,Monday,asia,0.4079466439619741,1
2026-01-26,0.5,Monday,asia,0.29340144742443874,1
2026-01-26,0.7,Monday,asia,0.0,0
2026-01-27,0.3,Tuesday,asia,1.2014692144055032,1
2026-01-27,0.5,Tuesday,asia,1.0101711957439286,1
2026-01-27,0.7,Tuesday,ny,0.4925845192224752,1
2026-01-27,0.9,Tuesday,ny,0.4925845192224752,1
2026-01-27,1.1,Tuesday,ny,0.4068628370545226,1
2026-01-27,1.3,Tuesday,ny,0.0810469090595317,0
2026-01-28,0.3,Wednesday,asia,3.5515954426241345,1
2026-01-28,0.5,Wednesday,asia,3.421727955778616,1
2026-01-28,0.7,Wednesday,asia,3.24563021706948,1
2026-01-28,0.9,Wednesday,asia,3.039662037295381,1
2026-01-28,1.1,Wednesday,asia,2.8432523986620697,1
2026-01-28,1.3,Wednesday,ny,2.539033445046594,1
2026-01-29,0.3,Thursday,asia,0.22130682179818517,1
2026-01-29,0.5,Thursday,asia,0.05039907328437115,0
2026-02-02,0.3,Monday,asia,0.17713133782511664,1
2026-02-02,0.5,Monday,asia,0.0,0
2026-02-03,0.3,Tuesday,asia,0.5832686202667638,1
2026-02-03,0.5,Tuesday,asia,0.42610628950219953,1
2026-02-03,0.7,Tuesday,london,0.220371926635898,1
2026-02-03,0.9,Tuesday,ny,0.0,0
2026-02-04,0.3,Wednesday,asia,0.15346988600870018,1
2026-02-04,0.5,Wednesday,asia,0.07295385902674857,0
2026-02-18,0.3,Wednesday,asia,0.31467017099558436,1
2026-02-18,0.5,Wednesday,ny,0.09980665271317078,0
2026-02-23,0.3,Monday,ny,0.1955847555871147,1
2026-02-23,0.5,Monday,late,0.0,0
2026-02-25,0.3,Wednesday,asia,0.20969490076744754,1
2026-02-25,0.5,Wednesday,ny,0.0,0
2026-02-26,0.3,Thursday,asia,0.0,0
2026-03-04,0.3,Wednesday,asia,0.19909166984038598,1
2026-03-04,0.5,Wednesday,london,0.05759839163901368,0
2026-03-09,0.3,Monday,asia,0.24785145239012216,1
2026-03-09,0.5,Monday,ny,0.05717725868538805,0
2026-03-10,0.3,Tuesday,asia,0.38055060552059977,1
2026-03-10,0.5,Tuesday,ny,0.0716441793650176,0
2026-03-10,0.7,Tuesday,ny,0.01578354002254843,0
2026-03-12,0.3,Thursday,asia,0.08557215463596893,0
2026-03-16,0.3,Monday,ny,0.0,0
2026-03-22,0.3,Sunday,late,0.0,0
2026-03-24,0.3,Tuesday,late,0.23673266661645498,1
2026-03-25,0.3,Wednesday,asia,0.007003530234755167,0
2026-03-30,0.3,Monday,asia,0.38603855392998904,1
2026-03-30,0.5,Monday,asia,0.16062537324036963,1
2026-03-30,0.7,Monday,london,0.0,0
2026-03-31,0.3,Tuesday,asia,0.5852768319844368,1
2026-03-31,0.5,Tuesday,asia,0.41349800499574035,1
2026-03-31,0.7,Tuesday,ny,0.24776087743615596,1
2026-03-31,0.9,Tuesday,late,0.01758748943982825,0
2026-04-01,0.3,Wednesday,london,0.19442342330787196,1
2026-04-01,0.5,Wednesday,late,0.006849327618841883,0
2026-04-06,0.3,Monday,asia,0.1439876098056773,1
2026-04-07,0.3,Tuesday,late,0.4039948717249287,1
2026-04-07,0.5,Tuesday,late,0.27049946125833674,1
2026-04-07,0.7,Tuesday,late,0.07847897543611042,0
2026-04-09,0.3,Thursday,ny,0.12988445638772733,1
2026-04-13,0.3,Monday,asia,0.30666548861067083,1
2026-04-13,0.5,Monday,ny,0.1306161630875247,1
2026-04-14,0.3,Tuesday,ny,0.32705282374886024,1
2026-04-14,0.5,Tuesday,ny,0.11758344247331243,1
2026-04-20,0.3,Monday,asia,0.3197034122898947,1
2026-04-20,0.5,Monday,london,0.09259237446848256,0
2026-04-22,0.3,Wednesday,asia,0.0,0
2026-04-27,0.3,Monday,asia,0.20555855011039065,1
2026-04-27,0.5,Monday,asia,0.00346301806824177,0
2026-04-30,0.3,Thursday,asia,0.5614477870986401,1
2026-04-30,0.5,Thursday,london,0.17499999999999863,1
2026-04-30,0.7,Thursday,london,0.15303008388776185,1
2026-05-05,0.3,Tuesday,asia,0.4422507403751234,1
2026-05-05,0.5,Tuesday,london,0.21795925693260745,1
2026-05-05,0.7,Tuesday,late,0.05457776182356929,0
2026-05-06,0.3,Wednesday,asia,0.9013546855360588,1
2026-05-06,0.5,Wednesday,asia,0.6748289185792139,1
2026-05-06,0.7,Wednesday,asia,0.49504213025464433,1
2026-05-06,0.9,Wednesday,london,0.18784041711279906,1
2026-05-06,1.1,Wednesday,london,0.06498766351660046,0
2026-05-07,0.3,Thursday,asia,0.14286741961009541,1
2026-05-07,0.5,Thursday,london,0.11001606599045001,1
2026-05-11,0.3,Monday,ny,0.4904871206324909,1
2026-05-11,0.5,Monday,ny,0.2467227748023504,1
2026-05-18,0.3,Monday,london,0.18464204498753495,1
2026-05-20,0.3,Wednesday,ny,0.2292540709663683,1
2026-05-20,0.5,Wednesday,ny,0.0,0
2026-05-28,0.3,Thursday,ny,0.36297953482025536,1
2026-05-28,0.5,Thursday,ny,0.13674575273007078,1
2026-06-02,0.3,Tuesday,asia,0.23529581999385488,1
2026-06-02,0.5,Tuesday,asia,0.07692947709226652,0
2026-06-04,0.3,Thursday,london,0.25436448797104966,1
2026-06-04,0.5,Thursday,london,0.008037044922291976,0
2026-06-09,0.3,Tuesday,asia,0.12440579498328203,1
2026-06-11,0.3,Thursday,asia,1.3520711063909936,1
2026-06-11,0.5,Thursday,asia,1.1910258745511821,1
2026-06-11,0.7,Thursday,ny,0.6623341741044535,1
2026-06-11,0.9,Thursday,ny,0.6623341741044535,1
2026-06-11,1.1,Thursday,ny,0.4960158563053207,1
2026-06-11,1.3,Thursday,ny,0.4164873467548004,1
2026-06-15,0.3,Monday,asia,0.32567476597144623,1
2026-06-15,0.5,Monday,ny,0.11546112907266903,1
2026-06-16,0.3,Tuesday,london,0.046955315489934,0
2026-06-17,0.3,Wednesday,ny,0.14824238197997455,1
2026-06-18,0.3,Thursday,asia,0.12557318131118617,1
2026-06-22,0.3,Monday,asia,0.39078118352859814,1
2026-06-22,0.5,Monday,asia,0.17502336688020412,1
2026-06-22,0.7,Monday,asia,0.0,0
2026-06-30,0.3,Tuesday,ny,0.13368627896779478,1
2026-07-01,0.3,Wednesday,ny,0.639926331734078,1
2026-07-01,0.5,Wednesday,ny,0.1448475587377647,1
2026-07-01,0.7,Wednesday,ny,0.1448475587377647,1
2026-07-01,0.9,Wednesday,ny,0.07104583580785304,0
2026-07-02,0.3,Thursday,asia,0.6870656584406358,1
2026-07-02,0.5,Thursday,london,0.03241563922702938,0
2026-07-02,0.7,Thursday,london,0.03241563922702938,0
2026-07-02,0.9,Thursday,london,0.03241563922702938,0
2026-07-08,0.3,Wednesday,asia,0.030521121675292556,0
2026-07-09,0.3,Thursday,asia,0.2886483390211836,1
2026-07-09,0.5,Thursday,ny,0.08183603118023425,0
