time,open,high,low,close,volume,sub
1672696800,1823.79,1849.99,1823.79,1839.7,100770,92
1672783200,1839.7,1865.215,1836.24,1854.65,76233,92
1672869600,1854.65,1858.995,1825.13,1832.7,66836,92
1672956000,1832.7,1869.92,1831.42,1866.11,77133,92
1673215200,1866.11,1881.55,1866.11,1871.705,60521,92
1673301600,1871.705,1880.795,1867.93,1876.99,60283,92
1673388000,1876.99,1886.695,1867.22,1875.965,65959,92
1673474400,1875.965,1901.705,1870.3,1896.785,86288,92
1673560800,1896.785,1921.91,1892.395,1920.315,66075,92
1673820000,1920.315,1929.06,1910.915,1916.01,42380,83
1673906400,1916.01,1919.095,1903.81,1908.71,58969,92
1673992800,1908.71,1925.945,1896.675,1904.51,79921,92
1674079200,1904.51,1935.21,1901.035,1932.26,59576,92
1674165600,1932.26,1937.58,1920.72,1926.06,60306,92
1674424800,1926.06,1935.59,1911.435,1931.34,58426,92
1674511200,1931.34,1942.555,1917.22,1937.315,48239,92
1674597600,1937.315,1948.1,1919.945,1946.325,66017,92
1674684000,1946.325,1949.26,1918.695,1929.215,69317,92
1674770400,1929.215,1935.05,1916.745,1927.73,54335,92
1675029600,1927.73,1934.565,1920.745,1923.2,44861,92
1675116000,1923.2,1931.19,1900.87,1928.235,58763,92
1675202400,1928.235,1954.645,1920.58,1950.145,83262,92
1675288800,1950.145,1959.77,1911.375,1912.69,85620,92
1675375200,1912.69,1918.65,1861.43,1865.695,97515,92
1675634400,1865.695,1881.405,1862.13,1867.695,62641,92
1675720800,1867.695,1884.41,1865.05,1871.885,80008,92
1675807200,1871.885,1886.515,1869.16,1875.55,58339,92
1675893600,1875.55,1890.25,1858.975,1861.78,59722,92
1675980000,1861.78,1872.21,1852.835,1865.35,66271,92
1676239200,1865.35,1866.64,1850.525,1853.74,43393,92
1676325600,1853.74,1870.8,1843.26,1854.435,97140,92
1676412000,1854.435,1860.19,1830.62,1836.005,67909,92
1676498400,1836.005,1845.32,1827.665,1836.52,60769,92
1676584800,1836.52,1843.685,1818.975,1842.565,57762,92
1676844000,1842.565,1847.57,1837.36,1843.76,29521,83
1676930400,1843.76,1843.905,1830.29,1834.915,51231,92
1677016800,1834.915,1846.07,1823.56,1825.305,51795,92
1677103200,1825.305,1833.9,1817.55,1822.3,51711,92
1677189600,1822.3,1827.885,1809.01,1810.985,65299,92
1677448800,1810.985,1820.2,1806.705,1817.25,42639,92
1677535200,1817.25,1831.175,1804.685,1826.67,42265,92
1677621600,1826.67,1844.83,1823.15,1836.65,49931,92
1677708000,1836.65,1839.03,1830.05,1835.94,41289,92
1677794400,1835.94,1856.39,1835.94,1855.435,37695,92
1678053600,1855.435,1858.31,1845.225,1846.88,31455,92
1678140000,1846.88,1851.705,1812.775,1813.34,44746,92
1678226400,1813.34,1824.305,1809.425,1813.83,38988,92
1678312800,1813.83,1835.725,1811.985,1830.915,35709,92
1678399200,1830.915,1870.245,1827.815,1867.035,70998,92
1678654800,1867.035,1914.695,1867.035,1913.63,131040,92
1678741200,1913.63,1914.225,1895.435,1903.865,83404,92
1678827600,1903.865,1937.39,1885.79,1918.73,131026,92
1678914000,1918.73,1933.54,1907.56,1919.34,93255,92
1679000400,1919.34,1988.335,1918.305,1988.305,95813,92
1679259600,1988.305,2009.85,1965.99,1978.975,138288,92
1679346000,1978.975,1985.22,1935.465,1940.52,80572,92
1679432400,1940.52,1978.915,1934.345,1970.015,95641,92
1679518800,1970.015,2003.36,1964.615,1993.495,90866,92
1679605200,1993.495,2003.08,1975.325,1978.965,104846,92
1679864400,1978.965,1978.965,1944.045,1956.45,67400,92
1679950800,1956.45,1975.365,1949.245,1974.035,51915,92
1680037200,1974.035,1974.46,1958.755,1964.505,42937,92
1680123600,1964.505,1984.365,1955.41,1980.425,44014,92
1680210000,1980.425,1987.645,1966.935,1969.31,45696,92
1680469200,1969.31,1990.545,1949.81,1984.385,66546,92
1680555600,1984.385,2025.07,1977.035,2020.465,52318,92
1680642000,2020.465,2032.11,2010.09,2020.65,50955,92
1680728400,2020.65,2021.485,2000.89,2007.86,49143,92
1681074000,2007.86,2007.86,1981.68,1991.195,66635,92
1681160400,1991.195,2007.495,1988.875,2003.64,40748,92
1681246800,2003.64,2028.4,2001.22,2014.95,66829,92
1681333200,2014.95,2048.77,2014.175,2040.46,54462,92
1681419600,2040.46,2047.505,1992.5,2004.275,71842,92
1681678800,2004.275,2015.075,1981.19,1995.055,61121,92
1681765200,1995.055,2011.89,1991.32,2005.075,49962,92
1681851600,2005.075,2008.255,1969.305,1994.75,51668,92
1681938000,1994.75,2012.445,1990.565,2004.605,54408,92
1682024400,2004.605,2005.62,1971.695,1982.92,68455,92
1682283600,1982.92,1990.845,1974.155,1989.05,52264,92
1682370000,1989.05,2003.89,1976.185,1997.04,83782,92
1682456400,1997.04,2009.45,1983.375,1989.235,102567,92
1682542800,1989.235,2003.415,1974.115,1987.8,90833,92
1682629200,1987.8,1995.14,1976.265,1989.535,91849,92
1682888400,1989.535,2006.07,1977.12,1982.55,92283,92
1682974800,1982.55,2019.455,1978.52,2016.6,81795,92
1683061200,2016.6,2040.495,2008.025,2039.565,88496,92
1683147600,2039.565,2067.0,2030.39,2050.31,158198,92
1683234000,2050.31,2053.045,1999.585,2016.79,99893,92
1683493200,2016.79,2029.4,2014.305,2021.355,57904,92
1683579600,2021.355,2037.655,2019.55,2034.535,63973,92
1683666000,2034.535,2048.245,2021.565,2029.74,90192,92
1683752400,2029.74,2041.39,2011.185,2015.03,112821,92
1683838800,2015.03,2022.58,2000.96,2011.025,98231,92
1684098000,2011.025,2022.115,2007.845,2016.365,70894,92
1684184400,2016.365,2018.39,1985.53,1988.885,90207,92
1684270800,1988.885,1993.12,1975.095,1982.01,67870,92
1684357200,1982.01,1986.07,1952.01,1957.685,95953,92
1684443600,1957.685,1984.325,1954.13,1977.895,106304,92
1684702800,1977.895,1982.67,1968.905,1971.72,72635,92
1684789200,1971.72,1977.805,1954.3,1975.115,77592,92
1684875600,1975.115,1985.39,1956.77,1957.225,78959,92
1684962000,1957.225,1964.785,1938.915,1940.595,71543,92
1685048400,1940.595,1957.36,1936.815,1946.93,70979,92
1685307600,1946.93,1949.77,1940.385,1943.12,37313,82
1685394000,1943.12,1963.55,1932.11,1959.48,75804,92
1685480400,1959.48,1974.835,1953.7,1962.615,69234,92
1685566800,1962.615,1983.18,1953.445,1977.54,66617,92
1685653200,1977.54,1983.505,1947.68,1948.1,62360,92
1685912400,1948.1,1964.055,1938.15,1961.7,57157,92
1685998800,1961.7,1966.385,1954.395,1963.285,49756,92
1686085200,1963.285,1970.22,1939.955,1940.01,51978,92
1686171600,1940.01,1970.54,1940.01,1965.47,50107,92
1686258000,1965.47,1973.16,1956.665,1960.745,50155,92
1686517200,1960.745,1967.015,1949.28,1957.605,68616,92
1686603600,1957.605,1971.21,1940.095,1943.6,78621,92
1686690000,1943.6,1960.31,1939.755,1941.255,74771,92
1686776400,1941.255,1960.31,1925.04,1958.005,86479,92
1686862800,1958.005,1967.92,1953.32,1957.555,50018,92
1687122000,1957.555,1958.81,1947.84,1950.42,41354,82
1687208400,1950.42,1956.84,1929.82,1936.255,77044,92
1687294800,1936.255,1939.575,1919.245,1932.51,58919,92
1687381200,1932.51,1935.005,1912.465,1913.835,67665,92
1687467600,1913.835,1937.305,1910.21,1921.265,64345,92
1687726800,1921.265,1933.395,1921.265,1923.15,48009,92
1687813200,1923.15,1930.73,1910.89,1913.68,63008,92
1687899600,1913.68,1917.285,1902.87,1907.535,61344,92
1687986000,1907.535,1913.18,1893.07,1908.065,80916,92
1688072400,1908.065,1922.78,1900.605,1919.525,71833,92
1688331600,1919.525,1931.085,1910.08,1921.525,58322,92
1688418000,1921.525,1930.765,1920.005,1925.875,37517,82
1688504400,1925.875,1935.05,1914.855,1915.12,64898,92
1688590800,1915.12,1927.665,1902.745,1910.975,88195,92
1688677200,1910.975,1934.935,1909.62,1925.565,94162,92
1688936400,1925.565,1928.28,1912.75,1925.44,70937,92
1689022800,1925.44,1938.495,1924.42,1932.505,71828,92
1689109200,1932.505,1959.75,1932.315,1957.54,75985,92
1689195600,1957.54,1963.735,1952.47,1960.64,77345,92
1689282000,1960.64,1963.795,1950.99,1955.435,172146,92
1689541200,1955.435,1959.91,1945.84,1954.98,141677,92
1689627600,1954.98,1984.425,1954.65,1978.92,180348,92
1689714000,1978.92,1980.995,1969.81,1977.15,160240,92
1689800400,1977.15,1987.53,1965.39,1969.55,168774,92
1689886800,1969.55,1973.85,1956.905,1961.95,144222,92
1690146000,1961.95,1967.905,1953.475,1954.715,147897,92
1690232400,1954.715,1965.72,1952.005,1964.745,121634,92
1690318800,1964.745,1978.405,1962.065,1972.24,170682,92
1690405200,1972.24,1982.265,1942.645,1945.15,189868,92
1690491600,1945.15,1963.575,1945.15,1959.34,176345,92
1690750800,1959.34,1972.455,1950.206,1965.615,139132,92
1690837200,1965.615,1966.015,1941.29,1944.2,136205,92
1690923600,1944.2,1954.88,1933.036,1934.71,162768,92
1691010000,1934.71,1938.94,1929.61,1934.225,140159,92
1691096400,1934.225,1946.99,1924.78,1942.655,156902,92
1691355600,1942.655,1946.815,1931.525,1936.585,112919,92
1691442000,1936.585,1938.155,1922.795,1925.16,139132,92
1691528400,1925.16,1932.395,1914.125,1914.95,123977,92
1691614800,1914.95,1930.18,1912.245,1912.42,155508,92
1691701200,1912.42,1920.97,1910.9,1913.815,132068,92
1691960400,1913.815,1916.26,1902.73,1907.505,130484,92
1692046800,1907.505,1911.71,1896.455,1901.82,163154,92
1692133200,1901.82,1907.275,1891.875,1892.09,142099,92
1692219600,1892.09,1903.515,1885.085,1889.25,144196,92
1692306000,1889.25,1896.905,1886.81,1889.545,106517,92
1692565200,1889.545,1898.825,1884.885,1894.895,119196,92
1692651600,1894.895,1904.55,1889.195,1897.675,112446,92
1692738000,1897.675,1920.425,1897.67,1915.41,126671,92
1692824400,1915.41,1923.4,1911.845,1916.79,118277,92
1692910800,1916.79,1922.44,1903.81,1914.425,119559,92
1693170000,1914.425,1926.1,1912.835,1920.19,81907,92
1693256400,1920.19,1938.235,1914.485,1937.435,123990,92
1693342800,1937.435,1949.115,1934.995,1942.425,126012,92
1693429200,1942.425,1947.955,1939.085,1939.855,115474,92
1693515600,1939.855,1953.055,1934.47,1939.9,147208,92
1693774800,1939.9,1946.335,1936.805,1938.455,59944,82
1693861200,1938.455,1939.035,1925.37,1926.01,120681,92
1693947600,1926.01,1929.245,1915.345,1916.49,126647,92
1694034000,1916.49,1923.67,1916.27,1919.66,107298,92
1694120400,1919.66,1929.75,1917.385,1919.085,106884,92
1694379600,1919.085,1930.78,1916.63,1922.38,115630,92
1694466000,1922.38,1924.555,1907.62,1913.43,122013,92
1694552400,1913.43,1915.815,1905.695,1908.32,136390,92
1694638800,1908.32,1912.97,1901.05,1910.72,154648,92
1694725200,1910.72,1930.475,1909.865,1923.92,135779,92
1694984400,1923.92,1934.29,1922.65,1933.695,106931,92
1695070800,1933.695,1937.43,1929.8,1931.36,93077,92
1695157200,1931.36,1947.465,1927.995,1930.62,137976,92
1695243600,1930.62,1931.685,1913.94,1920.085,145251,92
1695330000,1920.085,1929.15,1919.855,1925.43,107780,92
1695589200,1925.43,1927.245,1915.23,1916.015,87032,92
1695675600,1916.015,1916.84,1899.155,1900.67,95895,92
1695762000,1900.67,1903.97,1872.58,1874.835,111312,92
1695848400,1874.835,1879.685,1857.71,1864.795,137250,92
1695934800,1864.795,1879.89,1846.335,1848.82,136620,92
1696194000,1848.82,1848.995,1827.225,1827.89,135971,92
1696280400,1827.89,1833.425,1815.32,1822.905,170346,92
1696366800,1822.905,1830.675,1816.64,1821.315,168620,92
1696453200,1821.315,1829.225,1813.03,1820.3,139390,92
1696539600,1820.3,1834.92,1810.465,1832.035,163231,92
1696798800,1832.035,1863.55,1832.035,1861.405,129869,92
1696885200,1861.405,1865.46,1853.045,1860.46,146970,92
1696971600,1860.46,1877.27,1858.68,1874.055,144528,92
1697058000,1874.055,1885.16,1867.965,1868.835,136922,92
1697144400,1868.835,1932.93,1868.835,1932.365,168457,92
1697403600,1932.365,1932.365,1908.235,1920.165,139850,92
1697490000,1920.165,1931.635,1912.46,1923.23,141226,92
1697576400,1923.23,1962.675,1923.23,1947.815,157102,92
1697662800,1947.815,1977.74,1945.28,1974.075,173056,92
1697749200,1974.075,1997.26,1972.06,1980.9,166852,92
1698008400,1980.9,1982.875,1964.425,1972.84,143569,92
1698094800,1972.84,1980.9,1953.635,1971.025,142340,92
1698181200,1971.025,1987.31,1963.035,1979.96,131904,92
1698267600,1979.96,1993.545,1971.89,1984.95,144881,92
1698354000,1984.95,2009.565,1976.92,2006.02,144236,92
1698613200,2006.02,2006.845,1990.97,1996.26,144378,92
1698699600,1996.26,2007.99,1978.9,1983.9,143884,92
1698786000,1983.9,1992.085,1969.91,1982.355,140725,92
1698872400,1982.355,1991.06,1978.915,1985.91,111564,92
1698958800,1985.91,2004.1,1983.34,1992.59,136271,92
1699221600,1992.59,1993.145,1977.47,1977.975,97762,92
1699308000,1977.975,1978.36,1956.76,1969.3,118419,92
1699394400,1969.3,1971.1,1947.48,1950.28,106175,92
1699480800,1950.28,1965.7,1944.725,1958.26,126934,92
1699567200,1958.26,1960.835,1933.03,1938.385,112619,92
1699826400,1938.385,1949.21,1931.685,1946.155,103756,92
1699912800,1946.155,1971.05,1941.535,1963.175,120062,92
1699999200,1963.175,1975.425,1955.49,1959.545,126171,92
1700085600,1959.545,1988.0,1956.545,1981.39,123442,92
1700172000,1981.39,1993.49,1978.635,1980.73,111880,92
1700431200,1980.73,1985.25,1965.495,1977.845,136595,92
1700517600,1977.845,2007.65,1977.845,1998.525,152053,92
1700604000,1998.525,2006.455,1986.965,1989.885,130487,92
1700690400,1989.885,1998.57,1989.825,1992.89,64022,82
1700776800,1992.89,2003.66,1991.49,2002.495,92852,79
1701036000,2002.495,2018.325,2000.67,2014.175,131259,92
1701122400,2014.175,2043.11,2011.685,2040.97,109185,92
1701208800,2040.97,2052.06,2035.32,2044.32,179760,92
1701295200,2044.32,2047.235,2031.53,2036.165,151321,92
1701381600,2036.165,2075.43,2033.94,2071.88,171997,92
1701640800,2071.88,2148.99,2020.135,2029.0,243946,92
1701727200,2029.0,2041.3,2009.936,2019.345,183183,92
1701813600,2019.345,2035.97,2017.29,2025.475,152499,92
1701900000,2025.475,2039.975,2020.235,2028.515,169648,92
1701986400,2028.515,2034.065,1994.74,2004.44,200139,92
1702245600,2004.44,2007.85,1975.895,1981.84,153138,92
1702332000,1981.84,1996.76,1977.28,1979.435,139693,92
1702418400,1979.435,2027.88,1973.09,2027.575,151582,92
1702504800,2027.575,2047.935,2024.28,2036.265,228726,92
1702591200,2036.265,2044.945,2015.65,2019.54,170501,92
1702850400,2019.54,2033.75,2016.065,2027.24,120635,92
1702936800,2027.24,2047.03,2021.75,2040.245,125108,92
1703023200,2040.245,2043.535,2027.485,2031.78,133107,92
1703109600,2031.78,2046.105,2031.62,2045.92,150695,92
1703196000,2045.92,2070.705,2045.92,2053.2,181401,92
1703541600,2053.2,2069.085,2053.2,2067.71,33045,34
1703628000,2067.71,2084.495,2061.51,2077.12,111713,92
1703714400,2077.12,2088.545,2064.725,2065.265,157847,92
1703800800,2065.265,2074.845,2058.275,2062.97,153493,92
1704146400,2062.97,2078.975,2055.89,2059.045,147595,92
1704232800,2059.045,2066.005,2030.695,2041.29,170951,92
1704319200,2041.29,2051.015,2036.3,2043.435,130668,92
1704405600,2043.435,2064.035,2024.525,2045.625,176517,92
1704664800,2045.625,2046.685,2016.82,2028.035,151015,92
1704751200,2028.035,2042.035,2026.185,2030.02,141030,92
1704837600,2030.02,2040.3,2020.525,2024.32,128137,92
1704924000,2024.32,2045.17,2013.39,2029.015,192985,92
1705010400,2029.015,2062.31,2029.01,2049.155,175463,92
1705269600,2049.155,2058.67,2045.835,2054.765,87639,82
1705356000,2054.765,2055.615,2024.33,2028.505,189760,92
1705442400,2028.505,2032.98,2001.895,2006.335,179800,92
1705528800,2006.335,2023.395,2005.835,2023.02,143058,92
1705615200,2023.02,2039.415,2020.475,2029.62,133853,92
1705874400,2029.62,2032.175,2016.605,2021.66,139263,92
1705960800,2021.66,2037.975,2019.675,2029.155,137669,92
1706047200,2029.155,2036.735,2011.275,2014.235,159915,92
1706133600,2014.235,2025.32,2009.445,2020.94,158304,92
1706220000,2020.94,2026.9,2015.995,2018.59,108939,92
1706479200,2018.59,2037.61,2018.59,2032.53,106752,92
1706565600,2032.53,2048.63,2029.1,2036.83,126990,92
1706652000,2036.83,2056.07,2030.94,2039.155,169978,92
1706738400,2039.155,2065.53,2030.07,2054.825,182127,92
1706824800,2054.825,2057.705,2027.87,2039.75,152844,92
1707084000,2039.75,2042.315,2014.96,2024.89,147970,92
1707170400,2024.89,2038.945,2022.975,2035.885,122017,92
1707256800,2035.885,2044.655,2030.645,2035.0,111640,92
1707343200,2035.0,2038.785,2020.25,2034.21,118816,92
1707429600,2034.21,2037.25,2020.35,2024.36,114125,92
1707688800,2024.36,2027.665,2011.945,2020.01,95774,92
1707775200,2020.01,2031.588,1990.155,1993.09,109390,92
1707861600,1993.09,1996.155,1984.305,1992.365,111101,92
1707948000,1992.365,2008.34,1990.325,2004.4,109685,92
1708034400,2004.4,2015.23,1995.16,2013.23,106807,92
1708293600,2013.23,2023.07,2000.355,2017.945,67228,82
1708380000,2017.945,2030.92,2015.12,2024.415,104705,92
1708466400,2024.415,2032.33,2020.095,2026.04,101282,92
1708552800,2026.04,2034.945,2019.715,2024.355,112713,92
1708639200,2024.355,2041.41,2016.125,2035.375,113119,92
1708898400,2035.375,2037.13,2025.115,2031.25,101354,92
1708984800,2031.25,2039.51,2028.855,2030.445,100546,92
1709071200,2030.445,2037.95,2024.555,2034.46,102208,92
1709157600,2034.46,2050.745,2028.165,2044.29,120182,92
1709244000,2044.29,2088.38,2039.11,2082.73,140480,92
1709503200,2082.73,2119.975,2079.53,2114.365,145983,92
1709589600,2114.365,2141.88,2110.53,2128.045,163751,92
1709676000,2128.045,2152.25,2123.765,2148.15,155605,92
1709762400,2148.15,2164.8,2144.255,2160.115,157706,92
1709848800,2160.115,2195.235,2154.06,2179.105,164938,92
1710104400,2179.105,2189.125,2174.86,2182.73,127654,92
1710190800,2182.73,2184.815,2150.66,2158.46,149448,92
1710277200,2158.46,2179.92,2155.855,2174.385,132689,92
1710363600,2174.385,2177.045,2152.845,2162.13,139223,92
1710450000,2162.13,2172.81,2155.25,2156.01,115977,92
1710709200,2156.01,2163.63,2146.155,2160.32,114731,92
1710795600,2160.32,2162.905,2147.205,2157.575,113432,92
1710882000,2157.575,2188.905,2149.66,2186.37,130330,92
1710968400,2186.37,2222.915,2166.445,2181.36,202409,92
1711054800,2181.36,2186.13,2157.13,2165.31,155481,92
1711314000,2165.31,2181.41,2163.615,2171.805,124325,92
1711400400,2171.805,2200.175,2167.625,2178.74,146164,92
1711486800,2178.74,2197.675,2173.485,2194.86,116977,92
1711573200,2194.86,2236.33,2187.41,2233.12,162920,92
1711918800,2233.12,2265.775,2228.54,2251.67,164241,92
1712005200,2251.67,2281.155,2246.715,2280.815,190222,92
1712091600,2280.815,2301.27,2265.505,2299.93,209044,92
1712178000,2299.93,2305.65,2279.725,2291.21,171532,92
1712264400,2291.21,2330.525,2267.78,2330.16,224815,92
1712523600,2330.16,2354.155,2302.975,2339.15,257694,92
1712610000,2339.15,2365.395,2337.27,2352.41,227807,92
1712696400,2352.41,2360.15,2319.395,2333.865,235448,92
1712782800,2333.865,2377.755,2325.74,2372.285,217097,92
1712869200,2372.285,2431.59,2333.88,2344.235,326788,92
1713128400,2344.235,2387.645,2324.255,2383.51,289786,92
1713214800,2383.51,2398.38,2363.06,2383.13,314342,92
1713301200,2383.13,2395.64,2354.73,2361.095,256356,92
1713387600,2361.095,2392.86,2361.095,2379.05,236137,92
1713474000,2379.05,2417.92,2372.91,2392.07,322721,92
1713733200,2392.07,2392.07,2324.67,2327.24,252886,92
1713819600,2327.24,2334.51,2291.465,2322.13,311812,92
1713906000,2322.13,2337.385,2311.815,2315.95,244443,92
1713992400,2315.95,2344.93,2305.025,2332.49,245821,92
1714078800,2332.49,2352.64,2326.365,2338.05,210509,92
1714338000,2338.05,2346.83,2319.84,2335.55,214642,92
1714424400,2335.55,2336.41,2285.22,2286.21,189148,92
1714510800,2286.21,2328.43,2281.68,2319.56,219369,92
1714597200,2319.56,2326.515,2285.545,2303.8,222880,92
1714683600,2303.8,2320.705,2277.345,2301.81,211036,92
1714942800,2301.81,2332.225,2291.85,2323.995,195677,92
1715029200,2323.995,2329.98,2310.04,2314.135,185138,92
1715115600,2314.135,2321.53,2303.745,2308.69,144285,92
1715202000,2308.69,2347.25,2306.655,2346.245,193325,92
1715288400,2346.245,2378.56,2345.325,2360.515,208503,92
1715547600,2360.515,2364.555,2332.11,2336.14,162094,92
1715634000,2336.14,2359.705,2334.89,2357.98,166194,92
1715720400,2357.98,2390.315,2351.915,2386.13,205493,92
1715806800,2386.13,2397.515,2371.01,2376.955,192066,92
1715893200,2376.955,2422.79,2374.02,2414.715,176052,92
1716152400,2414.715,2450.125,2407.34,2426.53,268285,92
1716238800,2426.53,2433.995,2406.16,2421.025,230456,92
1716325200,2421.025,2426.615,2374.995,2379.175,237569,92
1716411600,2379.175,2383.785,2327.02,2328.675,276873,92
1716498000,2328.675,2347.54,2325.465,2334.0,166580,92
1716757200,2334.0,2358.565,2332.285,2351.375,126705,82
1716843600,2351.375,2364.175,2340.31,2361.385,189280,92
1716930000,2361.385,2361.615,2334.54,2338.145,161527,92
1717016400,2338.145,2351.905,2322.66,2343.34,205118,92
1717102800,2343.34,2359.725,2320.595,2327.2,203391,92
1717362000,2327.2,2354.77,2314.795,2350.635,226649,92
1717448400,2350.635,2352.885,2315.675,2327.01,231071,92
1717534800,2327.01,2357.425,2325.965,2355.28,190215,92
1717621200,2355.28,2378.6,2353.5,2376.09,209308,92
1717707600,2376.09,2387.785,2286.83,2294.015,275497,92
1717966800,2294.015,2313.865,2287.805,2310.995,150319,92
1718053200,2310.995,2320.0,2297.8,2316.905,182302,92
1718139600,2316.905,2341.7,2310.75,2325.03,253456,92
1718226000,2325.03,2326.795,2295.59,2304.135,232552,92
1718312400,2304.135,2336.725,2301.605,2332.645,198693,92
1718571600,2332.645,2332.645,2310.02,2319.285,167115,92
1718658000,2320.295,2333.165,2306.65,2329.58,169498,92
1718744400,2329.005,2335.03,2323.78,2328.23,88930,82
1718830800,2330.075,2365.59,2327.765,2360.145,175641,92
1718917200,2359.665,2368.765,2316.785,2321.875,180701,92
1719176400,2321.03,2334.73,2317.775,2334.43,163356,92
1719262800,2333.945,2337.16,2315.59,2319.595,169421,92
1719349200,2320.13,2324.015,2293.69,2298.47,187602,92
1719435600,2298.84,2331.015,2296.61,2327.81,170158,92
1719522000,2327.105,2339.785,2319.105,2326.72,176721,92
1719781200,2323.32,2338.545,2318.605,2331.855,164745,92
1719867600,2331.875,2336.89,2319.13,2329.485,156837,92
1719954000,2330.335,2364.995,2326.885,2356.16,167602,92
1720040400,2356.955,2362.6,2350.51,2357.2,89609,82
1720126800,2357.03,2392.965,2348.62,2391.62,195599,92
1720386000,2389.41,2391.13,2351.09,2359.26,187976,92
1720472400,2359.125,2371.625,2349.485,2364.03,181350,92
1720558800,2363.9,2386.73,2363.15,2371.32,168686,92
1720645200,2371.93,2424.6,2371.34,2415.375,237015,92
1720731600,2413.075,2418.31,2391.52,2410.92,210057,92
1720990800,2411.81,2439.855,2401.405,2422.395,213404,92
1721077200,2422.08,2469.765,2420.08,2468.93,213594,92
1721163600,2467.82,2483.74,2451.57,2458.81,262838,92
1721250000,2458.755,2475.0,2440.415,2445.31,220149,92
1721336400,2444.495,2445.34,2393.88,2400.82,234446,92
1721595600,2403.82,2412.255,2383.93,2396.42,208530,92
1721682000,2397.595,2412.075,2388.31,2409.65,210649,92
1721768400,2408.785,2432.065,2396.86,2397.395,223357,92
1721854800,2397.855,2401.31,2353.195,2364.3,306369,92
1721941200,2364.505,2390.84,2355.875,2387.02,218330,92
1722200400,2388.395,2403.265,2369.65,2383.79,208280,92
1722286800,2382.525,2412.935,2376.535,2410.88,212759,92
1722373200,2410.74,2451.005,2403.94,2447.57,263139,92
1722459600,2447.77,2462.325,2430.275,2446.385,308308,92
1722546000,2447.24,2477.725,2410.885,2442.495,361891,92
1722805200,2441.94,2458.875,2364.39,2409.89,475567,92
1722891600,2411.395,2418.43,2381.56,2390.13,340393,92
1722978000,2390.195,2407.125,2379.05,2382.91,290786,92
1723064400,2381.475,2427.755,2381.14,2427.27,265056,92
1723150800,2427.22,2437.085,2416.925,2431.265,223088,92
1723410000,2428.135,2473.225,2423.89,2472.12,180141,92
1723496400,2470.39,2476.99,2458.56,2465.055,205142,92
1723582800,2466.365,2480.125,2438.145,2447.95,224080,92
1723669200,2448.2,2470.155,2432.225,2456.545,226169,92
1723755600,2456.105,2509.82,2450.805,2508.14,223838,92
1724014800,2506.525,2507.535,2485.735,2504.285,220264,92
1724101200,2503.74,2531.765,2497.4,2514.11,229278,92
1724187600,2513.86,2519.985,2493.83,2512.25,213088,92
1724274000,2512.22,2514.73,2470.85,2484.72,222479,92
1724360400,2485.335,2518.4,2484.41,2512.49,230098,92
1724619600,2512.035,2526.9,2508.81,2517.955,198137,92
1724706000,2517.73,2526.01,2503.585,2524.825,201379,92
1724792400,2525.26,2529.135,2493.665,2504.67,205552,92
1724878800,2506.21,2528.74,2503.69,2521.215,219815,92
1724965200,2520.805,2526.925,2494.215,2503.4,223097,92
1725224400,2502.84,2507.33,2490.105,2499.42,127916,82
1725310800,2499.55,2506.35,2473.325,2492.95,241125,92
1725397200,2492.62,2500.345,2471.915,2495.545,209334,92
1725483600,2495.32,2523.525,2493.88,2516.815,217513,92
1725570000,2516.46,2529.3,2485.19,2497.565,264809,92
1725829200,2496.79,2507.265,2485.61,2506.395,222295,92
1725915600,2506.73,2518.535,2500.19,2516.735,207602,92
1726002000,2516.55,2529.09,2501.0,2511.675,270422,92
1726088400,2512.945,2560.13,2511.095,2558.655,241962,92
1726174800,2558.38,2586.16,2556.795,2578.715,251812,92
1726434000,2578.79,2589.715,2575.245,2582.665,179045,92
1726520400,2582.66,2587.02,2560.78,2569.59,202235,92
1726606800,2570.325,2600.29,2546.86,2559.3,270952,92
1726693200,2559.235,2594.945,2551.16,2586.91,296927,92
1726779600,2586.52,2625.79,2584.875,2622.235,272796,92
1727038800,2621.365,2634.905,2613.89,2628.63,226647,92
1727125200,2627.79,2664.38,2622.68,2657.26,280786,92
1727211600,2658.69,2670.605,2649.7,2656.995,250522,92
1727298000,2657.74,2685.64,2654.84,2672.435,280327,92
1727384400,2672.235,2674.375,2643.155,2658.55,297822,92
1727643600,2661.815,2666.05,2624.78,2634.69,295187,92
1727730000,2633.53,2673.26,2633.31,2663.61,243087,92
1727816400,2661.92,2663.445,2641.18,2658.75,252533,92
1727902800,2658.77,2663.015,2637.015,2656.11,381668,92
1727989200,2655.95,2670.24,2632.015,2653.84,474423,92
1728248400,2651.39,2659.66,2637.77,2642.585,461688,92
1728334800,2642.085,2653.115,2604.82,2621.965,599675,92
1728421200,2622.11,2624.375,2605.21,2607.735,460186,92
1728507600,2607.735,2631.565,2604.39,2629.92,479519,92
1728594000,2628.62,2661.475,2628.18,2657.18,381985,92
1728853200,2648.805,2666.875,2643.245,2648.785,353209,92
1728939600,2649.215,2668.965,2638.105,2662.695,477257,92
1729026000,2662.285,2685.465,2658.8,2673.93,442655,92
1729112400,2674.605,2696.8,2673.165,2693.01,475273,92
1729198800,2693.045,2722.65,2692.395,2721.9,465216,92
1729458000,2723.09,2740.6,2714.235,2719.675,528355,92
1729544400,2719.36,2748.975,2719.16,2748.96,443984,92
1729630800,2747.33,2758.525,2708.755,2715.59,512450,92
1729717200,2716.415,2743.325,2716.215,2736.08,447229,92
1729803600,2735.95,2747.835,2717.1,2747.215,394346,92
1730062800,2734.065,2746.01,2724.755,2742.325,374072,92
1730149200,2741.45,2774.885,2739.87,2774.58,435600,92
1730235600,2773.51,2790.07,2770.925,2787.475,407373,92
1730322000,2786.87,2790.17,2731.635,2743.95,447697,92
1730408400,2745.37,2762.275,2733.255,2736.45,439514,92
1730671200,2732.04,2748.24,2731.77,2736.605,398027,92
1730757600,2737.365,2750.09,2724.765,2743.91,357215,92
1730844000,2743.065,2749.78,2652.405,2659.175,789740,92
1730930400,2662.255,2710.52,2643.355,2706.84,532666,92
1731016800,2704.26,2710.43,2680.415,2684.455,483390,92
1731276000,2683.71,2686.165,2610.695,2619.595,455754,92
1731362400,2621.07,2627.235,2589.725,2598.29,486364,92
1731448800,2597.96,2618.92,2572.7,2572.83,494637,92
1731535200,2573.84,2581.445,2536.855,2564.72,543930,92
1731621600,2566.485,2576.045,2554.395,2563.22,490288,92
1731880800,2567.13,2615.145,2567.13,2612.04,432930,92
1731967200,2610.755,2639.53,2610.465,2632.2,464478,92
1732053600,2632.535,2655.485,2618.89,2650.46,412551,92
1732140000,2649.925,2673.595,2648.975,2669.645,392219,92
1732226400,2669.5,2716.4,2668.2,2716.335,498195,92
1732485600,2711.165,2721.42,2615.67,2625.62,557833,92
1732572000,2627.485,2642.02,2605.31,2632.955,448212,92
1732658400,2631.21,2658.275,2627.125,2636.09,346215,92
1732744800,2637.98,2649.735,2620.99,2637.6,245097,82
1732831200,2639.285,2666.35,2634.09,2650.35,374632,83
1733090400,2648.94,2651.905,2621.98,2638.955,480068,92
1733176800,2638.96,2655.665,2634.165,2643.885,387389,92
1733263200,2642.66,2657.235,2632.465,2650.22,334814,92
1733349600,2649.36,2655.635,2623.615,2631.925,288813,92
1733436000,2631.985,2645.73,2613.11,2633.33,374739,92
1733695200,2643.08,2676.48,2627.575,2660.325,366991,92
1733781600,2661.1,2695.595,2658.035,2693.875,336816,92
1733868000,2695.145,2721.27,2675.465,2718.245,309643,92
1733954400,2717.81,2726.295,2675.165,2680.825,242727,92
1734040800,2680.705,2692.865,2646.22,2648.68,376400,92
1734300000,2648.86,2664.475,2643.595,2652.75,311160,92
1734386400,2652.26,2658.74,2633.16,2646.6,339086,92
1734472800,2646.88,2651.785,2583.915,2585.61,409156,92
1734559200,2587.54,2626.44,2586.46,2594.55,435472,92
1734645600,2594.18,2631.92,2589.665,2623.61,349070,92
1734904800,2622.21,2633.39,2608.26,2612.755,254740,92
1734991200,2614.795,2621.535,2610.105,2616.875,193966,79
1735164000,2615.31,2639.175,2615.145,2633.865,205690,92
1735250400,2633.3,2638.3,2611.715,2622.035,243546,92
1735509600,2622.075,2628.095,2596.185,2605.825,240719,92
1735596000,2606.065,2627.625,2602.76,2624.26,217489,92
1735768800,2625.07,2660.605,2621.775,2658.23,368196,92
1735855200,2657.82,2665.405,2636.705,2639.725,306090,92
1736114400,2639.88,2649.52,2614.635,2636.105,379023,92
1736200800,2635.965,2664.33,2633.0,2648.625,362076,92
1736287200,2648.655,2670.15,2645.37,2661.655,365878,92
1736373600,2662.24,2678.405,2655.635,2670.34,252111,92
1736460000,2670.45,2697.95,2664.075,2689.375,399884,92
1736719200,2689.32,2693.555,2656.835,2663.21,462733,92
1736805600,2664.465,2678.395,2659.89,2677.51,402726,92
1736892000,2676.94,2697.42,2669.365,2696.265,391665,92
1736978400,2696.16,2724.785,2690.05,2714.87,437327,92
1737064800,2714.215,2717.43,2699.3,2703.15,367955,92
1737324000,2703.135,2713.885,2689.375,2707.905,347547,82
1737410400,2708.015,2746.055,2702.815,2744.865,469819,92
1737496800,2744.55,2763.435,2741.965,2756.345,375216,92
1737583200,2755.74,2758.97,2735.96,2754.855,392044,92
1737669600,2753.815,2786.06,2753.64,2770.885,388861,92
1737928800,2765.17,2772.745,2730.56,2740.655,428593,92
1738015200,2740.88,2765.09,2734.815,2763.42,280528,92
1738101600,2763.305,2766.265,2744.755,2760.09,345401,92
1738188000,2758.43,2798.605,2758.39,2794.165,397704,92
1738274400,2794.425,2817.215,2791.07,2797.94,431361,92
1738533600,2801.655,2830.755,2772.215,2814.71,547301,92
1738620000,2813.3,2845.47,2807.275,2842.29,461656,92
1738706400,2841.36,2882.31,2839.74,2867.215,424896,92
1738792800,2867.785,2873.34,2834.27,2855.925,437120,92
1738879200,2856.015,2886.855,2852.595,2861.25,453343,92
1739138400,2861.84,2911.965,2860.405,2908.175,401791,92
1739224800,2911.95,2942.78,2881.56,2897.615,555190,92
1739311200,2898.025,2909.265,2864.33,2903.96,442740,92
1739397600,2904.79,2929.48,2900.545,2928.33,353614,92
1739484000,2928.05,2939.98,2877.025,2882.482,464231,92
1739743200,2893.375,2906.525,2878.785,2898.49,259385,82
1739829600,2898.71,2936.955,2892.07,2935.465,271936,92
1739916000,2935.06,2947.08,2918.64,2933.26,315664,92
1740002400,2934.175,2954.955,2924.035,2939.385,310009,92
1740088800,2939.43,2949.93,2916.82,2936.26,325673,92
1740348000,2939.785,2956.31,2921.475,2952.065,331108,92
1740434400,2952.84,2953.425,2888.18,2915.045,411168,92
1740520800,2915.835,2930.18,2890.865,2916.275,280951,92
1740607200,2915.98,2920.815,2867.795,2877.195,403773,92
1740693600,2876.52,2885.24,2832.72,2858.14,382122,92
1740952800,2873.14,2895.21,2859.0,2892.985,321052,92
1741039200,2892.7,2927.91,2881.98,2917.85,367828,92
1741125600,2917.885,2929.98,2894.35,2919.265,441547,92
1741212000,2918.685,2926.72,2891.15,2911.1,386672,92
1741298400,2912.935,2930.54,2896.91,2909.55,417409,92
1741554000,2912.41,2918.385,2880.31,2889.5,396075,92
1741640400,2889.865,2922.225,2880.25,2915.695,291853,92
1741726800,2915.36,2940.69,2906.11,2933.61,337358,92
1741813200,2934.88,2989.3,2932.98,2988.695,345954,92
1741899600,2984.23,3005.04,2978.505,2984.91,363349,92
1742158800,2988.225,3001.975,2982.34,3001.13,270159,92
1742245200,3001.16,3038.35,2999.46,3034.115,332214,92
1742331600,3033.97,3051.97,3022.885,3047.14,298178,92
1742418000,3048.72,3057.59,3025.73,3044.66,316888,92
1742504400,3045.005,3047.55,2999.465,3023.985,309391,92
1742763600,3023.165,3033.34,3002.495,3012.15,331307,92
1742850000,3011.705,3036.07,3007.54,3020.09,263110,92
1742936400,3021.175,3032.165,3012.33,3019.495,255599,92
1743022800,3020.345,3059.755,3017.655,3056.605,342726,92
1743109200,3056.07,3086.965,3054.235,3085.345,353799,92
1743368400,3093.01,3128.135,3076.805,3123.72,392512,92
1743454800,3124.935,3149.09,3100.87,3114.475,413028,92
1743541200,3114.095,3145.34,3104.79,3134.305,372572,92
1743627600,3131.44,3167.835,3054.19,3114.575,693810,92
1743714000,3114.52,3136.775,3015.65,3037.885,657949,92
1743973200,3030.77,3057.305,2956.565,2981.94,811116,92
1744059600,2982.095,3022.76,2974.795,2982.25,553303,92
1744146000,2982.735,3099.77,2969.97,3082.95,820998,92
1744232400,3080.48,3176.6,3071.505,3175.365,629326,92
1744318800,3179.765,3245.485,3177.26,3237.93,700007,92
1744578000,3222.955,3245.845,3193.63,3210.68,498319,92
1744664400,3212.565,3233.705,3210.065,3229.795,299087,92
1744750800,3230.675,3343.2,3230.675,3343.1,509411,92
1744837200,3348.59,3357.775,3283.955,3327.375,512722,92
1745182800,3332.26,3430.61,3331.405,3424.235,494840,92
1745269200,3427.86,3500.2,3366.905,3381.16,744909,92
1745355600,3324.79,3386.77,3260.19,3288.24,768828,92
1745442000,3306.065,3367.685,3305.375,3348.99,566926,92
1745528400,3348.99,3370.475,3265.135,3319.345,591947,92
1745787600,3326.365,3353.2,3268.11,3343.875,542746,92
1745874000,3345.47,3345.505,3299.675,3317.15,460464,92
1745960400,3317.76,3328.155,3266.91,3288.155,546379,92
1746046800,3285.63,3288.16,3201.955,3238.295,528387,92
1746133200,3239.43,3269.3,3222.755,3240.95,521602,92
1746392400,3238.295,3337.67,3237.79,3334.195,428084,92
1746478800,3333.575,3435.055,3322.755,3431.14,547512,92
1746565200,3416.915,3422.135,3360.2,3364.355,589154,92
1746651600,3372.725,3414.79,3288.805,3305.98,579170,92
1746738000,3310.125,3347.625,3274.81,3325.39,482638,92
1746997200,3325.39,3325.39,3207.79,3235.075,715974,92
1747083600,3237.93,3265.785,3215.855,3250.18,470633,92
1747170000,3252.0,3257.14,3168.065,3177.585,570772,92
1747256400,3181.06,3240.725,3120.765,3239.97,529659,92
1747342800,3241.785,3252.255,3154.3,3204.45,519674,92
1747602000,3215.99,3249.85,3206.725,3230.4,491609,92
1747688400,3228.025,3295.79,3204.67,3289.845,467220,92
1747774800,3292.7,3324.935,3285.34,3315.245,535983,92
1747861200,3319.9,3345.47,3279.235,3295.01,600259,92
1747947600,3297.82,3366.015,3287.075,3358.125,574178,92
1748206800,3351.4,3356.995,3323.5,3342.475,278360,82
1748293200,3346.38,3350.095,3285.25,3300.75,443446,92
1748379600,3304.215,3325.695,3276.355,3288.725,407210,92
1748466000,3289.59,3331.47,3245.56,3317.615,529716,92
1748552400,3317.9,3322.925,3271.46,3289.7,438039,92
1748811600,3303.415,3382.96,3299.955,3381.87,462340,92
1748898000,3384.61,3392.305,3333.17,3353.385,431505,92
1748984400,3356.735,3384.76,3343.815,3372.45,421951,92
1749070800,3374.615,3403.625,3339.35,3352.73,566563,92
1749157200,3356.29,3375.705,3307.195,3309.98,526451,92
1749416400,3317.785,3338.295,3293.5,3325.675,399721,92
1749502800,3324.31,3349.28,3302.015,3322.61,452378,92
1749589200,3322.375,3360.79,3315.59,3355.25,452171,92
1749675600,3357.905,3399.05,3338.59,3386.58,533026,92
1749762000,3383.865,3446.88,3379.535,3432.835,571204,92
1750021200,3440.48,3451.525,3382.54,3385.22,453858,92
1750107600,3388.445,3403.43,3366.115,3388.455,447328,92
1750194000,3395.865,3400.11,3362.605,3369.3,413190,92
1750280400,3371.415,3388.175,3347.53,3370.38,323934,82
1750366800,3369.735,3374.63,3340.415,3368.75,355105,92
1750626000,3383.825,3393.64,3347.035,3369.2,491685,92
1750712400,3358.435,3363.9,3295.315,3323.45,520045,92
1750798800,3322.825,3337.205,3312.055,3332.395,314124,92
1750885200,3334.315,3350.415,3309.99,3327.82,406441,92
1750971600,3325.33,3325.37,3255.85,3274.175,498242,92
1751230800,3271.64,3309.645,3244.415,3303.15,349557,92
1751317200,3303.3,3358.085,3302.395,3338.72,417491,92
1751403600,3340.125,3360.13,3327.655,3357.09,398577,92
1751490000,3359.515,3365.92,3311.625,3326.03,374883,92
1751576400,3324.24,3345.175,3323.66,3336.615,221059,76
1751835600,3341.57,3342.075,3296.28,3336.44,455743,92
1751922000,3340.5,3345.955,3287.11,3301.72,446381,92
1752008400,3302.83,3316.99,3282.665,3313.7,374949,92
1752094800,3315.76,3330.36,3310.175,3324.015,309292,92
1752181200,3325.94,3368.86,3321.915,3355.665,574691,92
1752440400,3362.375,3375.085,3341.09,3343.755,408389,92
1752526800,3343.085,3366.425,3320.305,3325.005,346041,92
1752613200,3326.32,3377.655,3319.695,3347.6,501065,92
1752699600,3350.96,3352.28,3309.79,3339.06,385401,92
1752786000,3341.45,3361.33,3331.885,3350.095,315266,92
1753045200,3348.84,3401.645,3344.905,3397.06,437644,92
1753131600,3399.3,3433.51,3383.42,3431.56,439654,92
1753218000,3430.92,3439.035,3381.42,3387.45,520926,92
1753304400,3390.855,3393.48,3351.465,3368.71,446313,92
1753390800,3369.45,3373.495,3325.115,3337.07,327008,92
1753650000,3329.475,3345.52,3301.765,3314.45,356387,92
1753736400,3313.84,3334.27,3308.16,3326.67,337913,92
1753822800,3327.68,3334.09,3268.12,3275.29,421638,92
1753909200,3277.29,3314.985,3276.285,3290.12,386907,92
1753995600,3291.675,3363.6,3281.745,3362.895,390787,92
1754254800,3364.795,3385.535,3345.005,3373.635,282190,92
1754341200,3376.195,3390.6,3349.89,3380.96,271336,92
1754427600,3381.475,3385.365,3358.255,3369.27,283447,92
1754514000,3372.44,3401.885,3365.305,3396.48,656325,92
1754600400,3400.365,3409.43,3376.575,3397.765,1314484,92
1754859600,3399.75,3401.395,3341.155,3342.665,588390,92
1754946000,3344.04,3359.34,3331.17,3348.345,411909,92
1755032400,3350.165,3370.825,3342.635,3355.695,318958,92
1755118800,3357.46,3374.805,3329.85,3335.585,364944,92
1755205200,3336.795,3348.915,3332.34,3335.7,227980,92
1755464400,3335.23,3358.49,3323.685,3332.895,275140,92
1755550800,3333.695,3345.465,3315.005,3315.7,208028,92
1755637200,3316.49,3350.275,3311.56,3348.485,246760,92
1755723600,3351.2,3352.3,3325.28,3338.71,247192,92
1755810000,3340.14,3378.835,3321.455,3371.23,304253,92
1756069200,3368.725,3376.375,3359.78,3365.72,152373,92
1756155600,3366.605,3393.745,3351.33,3393.745,356620,92
1756242000,3390.75,3398.79,3373.75,3397.72,298600,92
1756328400,3398.405,3423.18,3384.62,3417.06,383940,92
1756414800,3417.035,3453.97,3404.315,3447.435,486335,92
1756674000,3445.43,3489.845,3437.025,3476.365,390865,82
1756760400,3475.91,3540.06,3470.05,3533.545,707070,92
1756846800,3532.72,3578.66,3526.54,3559.26,608467,92
1756933200,3560.26,3564.155,3511.755,3545.87,548957,92
1757019600,3545.4,3600.205,3540.015,3586.545,717777,92
1757278800,3591.61,3646.545,3579.72,3635.85,605523,92
1757365200,3636.15,3674.695,3626.03,3626.315,653882,92
1757451600,3627.45,3657.61,3620.135,3640.585,493414,92
1757538000,3644.465,3649.345,3612.835,3634.12,485145,92
1757624400,3635.9,3656.7,3630.625,3643.085,411073,92
1757883600,3644.565,3685.695,3626.46,3678.79,490753,92
1757970000,3680.135,3703.24,3674.705,3689.855,476961,92
1758056400,3691.345,3707.555,3646.125,3659.975,619729,92
1758142800,3659.625,3673.205,3627.96,3644.18,569752,92
1758229200,3642.92,3685.74,3632.38,3684.975,490300,92
1758488400,3687.77,3748.86,3683.545,3746.355,504786,92
1758574800,3747.125,3791.255,3736.66,3764.205,570300,92
1758661200,3765.31,3779.34,3717.52,3736.165,388341,92
1758747600,3739.61,3761.69,3722.22,3749.44,466427,92
1758834000,3747.235,3783.885,3734.44,3759.855,407811,92
1759093200,3764.745,3834.3,3763.45,3833.88,555525,92
1759179600,3832.57,3871.89,3793.175,3858.45,538261,92
1759266000,3860.08,3895.5,3853.38,3865.53,508789,92
1759352400,3864.41,3897.13,3819.425,3856.56,537737,92
1759438800,3857.14,3891.76,3838.07,3886.455,486579,92
1759698000,3891.335,3970.2,3884.115,3960.69,631381,92
1759784400,3960.62,3991.135,3941.055,3984.33,643666,92
1759870800,3986.275,4059.35,3984.32,4041.9,613615,92
1759957200,4036.775,4058.11,3944.435,3976.24,931973,92
1760043600,3977.265,4023.0,3947.02,4016.68,957145,92
1760302800,4017.625,4117.42,3998.15,4110.335,727281,92
1760389200,4112.47,4179.935,4090.145,4142.625,920993,92
1760475600,4140.755,4218.405,4140.735,4207.77,689245,92
1760562000,4212.565,4330.9,4199.965,4326.065,780709,92
1760648400,4338.03,4380.99,4185.91,4253.975,1434931,92
1760907600,4267.075,4381.44,4219.115,4355.795,986496,92
1760994000,4366.33,4375.625,4080.58,4125.27,1158088,92
1761080400,4124.28,4161.535,4004.28,4099.4,1249834,92
1761166800,4110.085,4154.79,4065.9,4126.075,863796,92
1761253200,4125.85,4144.535,4043.515,4114.125,752977,92
1761512400,4085.7,4109.0,3971.445,3981.985,1001515,92
1761598800,3990.015,4019.805,3886.465,3953.0,840670,92
1761685200,3955.945,4030.34,3907.925,3930.615,968758,92
1761771600,3921.61,4027.235,3915.52,4024.525,870797,92
1761858000,4021.47,4046.595,3972.285,4002.81,856859,92
1762120800,3995.47,4030.825,3962.275,4001.605,715045,92
1762207200,4005.115,4005.27,3928.685,3932.1,649278,92
1762293600,3937.93,3990.565,3929.35,3980.115,448865,92
1762380000,3968.78,4019.645,3964.455,3977.14,633761,92
1762466400,3979.465,4027.595,3978.435,4001.275,527761,92
1762725600,4005.675,4116.69,4004.355,4115.41,585179,92
1762812000,4116.835,4149.1,4097.245,4126.505,420509,92
1762898400,4130.9,4211.795,4098.915,4195.21,748403,92
1762984800,4202.635,4245.195,4145.19,4171.745,943082,92
1763071200,4177.285,4211.435,4032.23,4085.825,778402,92
1763330400,4078.275,4106.705,4007.055,4045.86,644975,92
1763416800,4050.79,4082.58,3997.985,4067.425,643437,92
1763503200,4067.645,4132.985,4055.475,4077.85,631289,92
1763589600,4088.255,4110.37,4038.9,4077.535,944612,92
1763676000,4073.08,4101.07,4022.26,4065.01,988542,92
1763935200,4067.61,4139.89,4040.02,4133.975,656073,92
1764021600,4135.485,4159.38,4109.71,4130.55,811764,92
1764108000,4134.495,4173.5,4129.99,4163.575,656182,92
1764194400,4165.255,4168.75,4142.73,4158.8,326231,91
1764280800,4159.355,4226.915,4153.74,4215.82,344766,84
1764540000,4226.31,4264.7,4205.785,4232.29,1025407,92
1764626400,4231.77,4236.15,4163.805,4205.665,607631,92
1764712800,4202.48,4241.565,4194.645,4203.115,715594,92
1764799200,4206.465,4219.62,4174.81,4208.765,694763,92
1764885600,4209.41,4259.34,4192.055,4198.685,579001,92
1765144800,4198.685,4219.175,4176.205,4190.66,629212,91
1765231200,4191.48,4221.625,4169.985,4207.915,789956,92
1765317600,4209.445,4238.785,4182.08,4228.775,776990,92
1765404000,4228.245,4285.89,4204.27,4279.335,662996,92
1765490400,4282.93,4353.555,4257.275,4299.38,925565,92
1765749600,4302.985,4350.285,4285.515,4304.91,768093,92
1765836000,4307.67,4335.185,4271.575,4302.225,716151,92
1765922400,4303.6,4349.28,4302.405,4337.83,718404,92
1766008800,4338.89,4374.655,4308.67,4332.59,929628,92
1766095200,4335.855,4356.625,4309.095,4338.765,679583,92
1766354400,4340.905,4449.385,4339.9,4443.74,664280,92
1766440800,4449.18,4499.82,4430.515,4484.55,974310,92
1766527200,4488.59,4526.15,4448.26,4479.415,1016090,79
1766700000,4502.625,4550.15,4484.195,4533.21,1329442,92
1766959200,4542.66,4548.35,4302.11,4332.56,1404638,92
1767045600,4341.72,4404.375,4323.42,4339.395,1348201,92
1767132000,4341.77,4373.59,4274.025,4322.61,1255566,92
1767304800,4326.405,4402.295,4309.915,4332.065,907045,92
1767564000,4356.505,4455.77,4349.355,4449.17,1055909,92
1767650400,4454.8,4497.31,4427.635,4494.635,982006,92
1767736800,4498.54,4500.56,4423.385,4456.65,972081,92
1767823200,4461.955,4479.71,4407.835,4477.565,1196950,92
1767909600,4476.635,4517.25,4452.92,4509.66,896412,92
1768168800,4521.495,4630.19,4521.19,4597.65,1181887,92
1768255200,4597.62,4634.89,4569.47,4586.005,1075479,92
1768341600,4591.935,4642.97,4591.495,4626.575,1078344,92
1768428000,4624.17,4625.015,4581.065,4616.04,1129346,92
1768514400,4619.075,4620.975,4536.49,4596.32,918103,92
1768773600,4649.78,4690.94,4646.135,4670.295,603797,82
1768860000,4668.575,4766.4,4659.395,4763.37,837956,92
1768946400,4762.815,4888.545,4755.075,4831.38,1218823,92
1769032800,4816.795,4940.885,4772.27,4936.075,919080,92
1769119200,4952.295,4990.12,4899.795,4987.545,887322,92
1769378400,5015.63,5111.51,4990.215,5008.875,1521879,92
1769464800,5035.795,5190.51,5013.875,5180.625,1259046,92
1769551200,5181.64,5419.645,5157.21,5418.545,1604379,92
1769637600,5446.995,5602.225,5097.215,5370.23,2135665,92
1769724000,5419.64,5451.16,4679.51,4895.44,2683129,92
1769983200,4833.89,4884.56,4402.38,4661.055,2548266,92
1770069600,4704.095,4993.835,4695.53,4946.805,1758209,92
1770156000,4959.765,5091.93,4848.405,4964.455,1372095,92
1770242400,4995.96,5024.03,4759.48,4780.675,1835154,92
1770328800,4778.27,4971.34,4655.23,4964.62,1336545,92
1770588000,4989.93,5086.68,4965.42,5057.775,978320,92
1770674400,5057.535,5078.745,4987.385,5025.12,933647,92
1770760800,5033.585,5119.345,5019.715,5084.28,896564,92
1770847200,5095.495,5095.915,4878.5,4922.08,1007596,92
1770933600,4888.315,5046.48,4888.315,5042.74,895228,92
1771192800,5017.145,5032.565,4964.865,4992.005,396800,82
1771279200,4997.26,5001.24,4842.6,4877.855,981481,92
1771365600,4871.135,5010.915,4854.24,4977.26,656359,92
1771452000,4973.795,5022.385,4960.645,4996.49,615915,92
1771538400,5000.805,5108.72,4981.67,5108.255,791257,92
1771797600,5118.71,5237.95,5117.815,5226.87,785577,92
1771884000,5244.98,5250.005,5093.225,5143.925,848728,92
1771970400,5135.495,5217.78,5128.285,5163.58,689853,92
1772056800,5173.57,5205.64,5130.235,5185.17,854716,92
1772143200,5182.035,5281.155,5166.995,5278.51,814541,92
1772402400,5368.53,5419.66,5260.285,5321.935,1287427,92
1772488800,5344.96,5379.975,4996.275,5088.835,1617383,92
1772575200,5106.335,5206.265,5105.37,5140.945,1224059,92
1772661600,5152.485,5195.22,5050.905,5081.38,1240770,92
1772748000,5090.81,5176.63,5063.215,5171.5,1161417,92
1773003600,5171.95,5171.95,5015.045,5137.91,1394107,92
1773090000,5128.805,5238.775,5117.355,5192.51,833109,92
1773176400,5191.79,5223.385,5149.155,5176.48,630037,92
1773262800,5178.045,5191.79,5055.125,5079.255,804529,92
1773349200,5083.865,5128.475,5009.745,5020.6,695124,92
1773608400,5014.955,5038.145,4967.775,5006.565,865975,92
1773694800,5011.11,5044.9,4973.72,5005.725,665101,92
1773781200,5001.96,5016.53,4806.845,4818.415,908731,92
1773867600,4824.645,4867.225,4502.365,4650.72,1777919,92
1773954000,4659.99,4736.175,4477.54,4497.48,1538222,92
1774213200,4472.24,4536.415,4099.125,4406.505,2759675,92
1774299600,4382.825,4484.495,4305.88,4474.275,2120905,92
1774386000,4476.635,4602.645,4455.885,4506.845,1234234,92
1774472400,4521.855,4544.815,4351.355,4378.2,1545708,92
1774558800,4388.67,4555.63,4375.525,4493.685,1017271,92
1774818000,4512.54,4580.73,4417.43,4510.65,1310697,92
1774904400,4517.71,4687.335,4482.66,4667.875,1298919,92
1774990800,4674.535,4793.195,4662.125,4758.2,1062604,92
1775077200,4758.465,4800.8,4553.85,4676.745,1477021,92
1775422800,4638.25,4706.875,4600.85,4649.995,915070,92
1775509200,4661.755,4718.96,4607.63,4704.81,1215752,92
1775595600,4741.845,4858.215,4699.305,4718.96,1158729,92
1775682000,4727.55,4801.39,4698.725,4765.405,949417,92
1775768400,4772.62,4794.98,4730.74,4749.685,772355,92
1776027600,4670.425,4750.205,4644.465,4740.34,950060,92
1776114000,4746.92,4846.37,4745.84,4841.76,745834,92
1776200400,4849.155,4871.38,4786.08,4790.94,741540,92
1776286800,4798.465,4838.56,4772.575,4790.66,740854,92
1776373200,4793.945,4891.54,4767.845,4831.61,893667,92
1776632400,4774.815,4827.695,4736.83,4820.115,868597,92
1776718800,4825.135,4833.405,4668.62,4720.685,1053867,92
1776805200,4726.085,4772.385,4715.78,4740.455,701691,92
1776891600,4741.96,4754.2,4664.38,4694.09,1057518,92
1776978000,4695.935,4740.57,4658.03,4709.75,876536,92
1777237200,4696.875,4729.965,4667.335,4681.955,710688,92
1777323600,4682.585,4701.64,4555.135,4596.8,1005672,92
1777410000,4598.745,4610.535,4510.095,4543.715,1088682,92
1777496400,4540.13,4647.045,4539.685,4622.065,959728,92
1777582800,4629.515,4660.585,4560.32,4613.835,798462,92
1777842000,4625.35,4629.465,4501.035,4524.115,974935,92
1777928400,4520.775,4586.605,4513.655,4557.535,426094,92
1778014800,4552.07,4723.14,4546.36,4690.91,702590,92
1778101200,4690.165,4764.905,4685.275,4687.18,779702,92
1778187600,4694.565,4749.58,4682.045,4715.715,640071,92
1778446800,4687.43,4748.95,4648.09,4735.455,599033,92
1778533200,4740.565,4773.575,4638.365,4715.495,762744,92
1778619600,4719.905,4727.03,4669.525,4689.14,591544,92
1778706000,4693.605,4718.88,4644.31,4652.27,638104,92
1778792400,4654.08,4665.445,4510.985,4540.645,982982,92
1779051600,4545.805,4584.375,4480.41,4566.16,942372,92
1779138000,4570.36,4589.58,4464.78,4482.115,747484,92
1779224400,4484.735,4553.045,4453.39,4543.705,774042,92
1779310800,4544.62,4570.895,4488.63,4543.425,901516,92
1779397200,4544.905,4545.26,4491.93,4509.69,659163,92
1779656400,4550.54,4580.21,4548.91,4570.315,400882,82
1779742800,4571.33,4580.245,4482.62,4507.57,604063,92
1779829200,4506.725,4528.05,4401.63,4456.12,658786,92
1779915600,4456.89,4516.63,4366.23,4495.825,742856,92
1780002000,4497.085,4595.33,4488.975,4540.53,638169,92
1780261200,4520.795,4546.27,4447.86,4484.725,595174,92
1780347600,4483.385,4541.63,4463.01,4487.955,511894,92
1780434000,4490.115,4496.885,4426.42,4434.715,638762,92
1780520400,4431.91,4515.515,4423.965,4475.29,638458,92
1780606800,4474.185,4481.625,4311.93,4327.885,958033,92
1780866000,4321.55,4353.45,4268.48,4330.065,937596,92
1780952400,4326.5,4363.72,4236.7,4259.965,914975,92
1781038800,4256.145,4257.605,4067.24,4072.015,1244335,92
1781125200,4061.7,4220.22,4023.87,4211.195,1313750,92
1781211600,4208.535,4246.715,4170.29,4218.56,985207,92
1781470800,4301.665,4369.665,4280.395,4308.85,620046,92
1781557200,4312.985,4354.95,4306.11,4331.28,531334,92
1781643600,4331.69,4382.615,4219.165,4257.65,811958,92
1781730000,4257.675,4329.865,4201.495,4208.995,798058,92
1781816400,4204.63,4210.695,4121.955,4155.405,425932,76
1782075600,4157.1,4221.37,4136.695,4191.69,710619,92
1782162000,4192.855,4198.605,4091.03,4110.745,824105,92
1782248400,4111.71,4115.235,3959.08,3999.5,1153981,92
1782334800,4006.955,4044.14,3962.475,4026.92,1032840,92
1782421200,4030.09,4095.985,3982.95,4088.385,763878,92
1782680400,4075.86,4083.82,4000.325,4016.955,682827,92
1782766800,4018.65,4063.48,3942.1,4007.525,739844,92
1782853200,4014.34,4115.81,3960.275,4031.705,733371,92
1782939600,4038.71,4144.08,4030.895,4123.605,807015,92
1783026000,4125.815,4195.51,4121.47,4175.695,357538,76
1783285200,4180.345,4202.705,4128.51,4165.115,553148,92
1783371600,4164.735,4180.52,4092.295,4106.12,637402,92
1783458000,4105.04,4133.99,4021.815,4077.12,981300,92
1783544400,4074.405,4138.06,4054.4,4123.79,567929,92
1783630800,4125.25,4134.92,4072.8,4120.67,455662,92
