object,family,n,pooled_exp,rescue_class,condition,subset_exp,remainder_exp,ANALYSIS_OBJECT_ID,MECHANISM_ID,SOURCE_FAMILY_ID
HTF_PBK_TREND,HTF_PBK_TREND,324,-0.08416522663934102,NONE,,,,HTF_PBK_TREND,M07_TREND_CONTINUATION,HTF_PBK_TREND
HTF_RANGE_FADE,HTF_RANGE_FADE,760,-0.1462639811616175,NONE,,,,HTF_RANGE_FADE,M12_RANGE_ROTATION,HTF_RANGE_FADE
HTF_RECLAIM,HTF_RECLAIM,6834,-0.10018457997622172,NONE,,,,HTF_RECLAIM,M11_STRUCTURE_BREAK_REVERSAL,HTF_RECLAIM
HTF_TGT_BREAK,HTF_TGT_BREAK,460,-0.022855479656928215,LOSE_LESS_OR_FRAGILE,,,,HTF_TGT_BREAK,M03_BREAKOUT_RETEST,HTF_TGT_BREAK
OBEXEC_B,OBEXEC_B,2160,-0.26565881262113494,NONE,,,,OBEXEC_B,M14_REFERENCE_LEVEL,OBEXEC_B
OBEXEC_C,OBEXEC_C,1896,-0.20573875879572312,NONE,,,,OBEXEC_C,M14_REFERENCE_LEVEL,OBEXEC_C
OBEXEC_D,OBEXEC_D,955,-0.18525611422496036,LOSE_LESS_OR_FRAGILE,,,,OBEXEC_D,M14_REFERENCE_LEVEL,OBEXEC_D
OBR_A_limit,OBR_A_limit,2486,-0.06732270034263796,NONE,,,,OBR_A_limit,M14_REFERENCE_LEVEL,OBR_A_limit
S10::598adad042be,S10,13256,-0.18214022583580294,NONE,,,,S10::598adad042be,M10_DISPLACEMENT_CONTINUATION,S10
S10::7df75fdb8ecb,S10,13834,-0.19540252563132476,NONE,,,,S10::7df75fdb8ecb,M10_DISPLACEMENT_CONTINUATION,S10
S11::576394ea476f,S11,5092,-0.05809888414133959,LOSE_LESS_OR_FRAGILE,,,,S11::576394ea476f,M11_STRUCTURE_BREAK_REVERSAL,S11
S12::061854e10b15,S12,14904,-0.24240894300199123,NONE,,,,S12::061854e10b15,M12_RANGE_ROTATION,S12
S12::884efeda36f3,S12,15005,-0.23235864181773025,NONE,,,,S12::884efeda36f3,M12_RANGE_ROTATION,S12
S13::7d288aa44d52,S13,15985,-0.15124934773689036,LOSE_LESS_OR_FRAGILE,,,,S13::7d288aa44d52,M13_IMBALANCE_FVG,S13
S14::25e44853ad0f,S14,1239,-0.15238831279984705,PROFITABLE_RESCUE,dist_prev_sess_high_atr=0.0,0.4925924139527721,-0.18809848932362921,S14::25e44853ad0f,M08_EXTENSION_MEAN_REVERSION,S14
S14::dc07a2d5d013,S14,1334,-0.07335208704947947,PROFITABLE_RESCUE,atr_over_atrma=1.0,0.2902631017665356,-0.09654922828176113,S14::dc07a2d5d013,M08_EXTENSION_MEAN_REVERSION,S14
S15::ac373f9fe529,S15,15354,-0.16152008753853492,NONE,,,,S15::ac373f9fe529,M07_TREND_CONTINUATION,S15
S16::393fe65826e6,S16,775,0.0036035871818489063,NONE,,,,S16::393fe65826e6,M14_REFERENCE_LEVEL,S16
S17::3cf289079abb,S17,314,-0.02144687811779879,PROFITABLE_RESCUE,vol_rel_20=4.0,0.3384686430896529,-0.2237874447667642,S17::3cf289079abb,M14_REFERENCE_LEVEL,S17
S18::18995ee3f508,S18,3868,-0.2196943442096486,LOSE_LESS_OR_FRAGILE,,,,S18::18995ee3f508,M06_SESSION_TIME,S18
S18::3933c532ec9c,S18,3868,-0.27062340875942975,LOSE_LESS_OR_FRAGILE,,,,S18::3933c532ec9c,M06_SESSION_TIME,S18
S19::762b6018f2c5,S19,130,-0.2669320577565558,LOSE_LESS_OR_FRAGILE,,,,S19::762b6018f2c5,M15_GAP,S19
S1::11c4710e404e,S1,7574,-0.1687544865282243,PROFITABLE_RESCUE,halfhour_bucket_utc=45.0,0.19044563471302065,-0.17104542538280573,S1::11c4710e404e,M01_LIQUIDITY_SWEEP,S1
S1::4b7c6d5c6035,S1,8132,-0.2084882388941829,NONE,,,,S1::4b7c6d5c6035,M01_LIQUIDITY_SWEEP,S1
S20::3a706309724e,S20,1513,-0.062153001502173844,NONE,,,,S20::3a706309724e,M21_META_ROUTER,S20
S21::6ddb75c3f9b1,S21,13540,-0.3144243577251478,PROFITABLE_RESCUE,rloc_20=0.0,0.3943699398576296,-0.315998290288248,S21::6ddb75c3f9b1,M01_LIQUIDITY_SWEEP,S21
S21::b61f7b31fafc,S21,11874,-0.2797389306514087,PROFITABLE_RESCUE,rloc_50=4.0,0.10236372406723987,-0.28158202545710914,S21::b61f7b31fafc,M01_LIQUIDITY_SWEEP,S21
S22::e730d6bce802,S22,4526,-0.07835108961063955,NONE,,,,S22::e730d6bce802,M14_REFERENCE_LEVEL,S22
S23::866611e1c7db,S23,6667,-0.17687497367340774,PROFITABLE_RESCUE,hour_utc=12.0,0.3589571168564324,-0.18100548102180886,S23::866611e1c7db,M04_VOLATILITY_COMPRESSION_EXPANSION,S23
S24::a20c02d14359,S24,3870,-0.11455623302072095,NONE,,,,S24::a20c02d14359,M06_SESSION_TIME,S24
S25::017b79ce0b9e,S25,6095,-0.14850806707979777,NONE,,,,S25::017b79ce0b9e,M04_VOLATILITY_COMPRESSION_EXPANSION,S25
S26::f196a9ae20d6,S26,16964,-0.1791938310904777,NONE,,,,S26::f196a9ae20d6,M16_AUCTION_VALUE,S26
S27::8492323d86e4,S27,25010,-0.1757948604079745,NONE,,,,S27::8492323d86e4,M16_AUCTION_VALUE,S27
S28::b2a817579286,S28,6351,-0.1509808226383693,LOSE_LESS_OR_FRAGILE,,,,S28::b2a817579286,M16_AUCTION_VALUE,S28
S29::10d4532019fd,S29,783,-0.12392098594191271,PROFITABLE_RESCUE,dist_prev_sess_low_atr=3.0,0.21927775474794736,-0.21555171767949668,S29::10d4532019fd,M06_SESSION_TIME,S29
S29::bd28e989b4eb,S29,783,-0.15406608716293854,NONE,,,,S29::bd28e989b4eb,M06_SESSION_TIME,S29
S2::2c6012247423,S2,6391,-0.1792331034018087,NONE,,,,S2::2c6012247423,M02_FAILED_BREAKOUT_FADE,S2
S2::691f36c634e3,S2,7148,-0.22595369055072162,NONE,,,,S2::691f36c634e3,M02_FAILED_BREAKOUT_FADE,S2
S30::282a94fa23d8,S30,5776,-0.146454009554978,NONE,,,,S30::282a94fa23d8,M06_SESSION_TIME,S30
S31::555f488885b1,S31,628,-0.25556162582555575,LOSE_LESS_OR_FRAGILE,,,,S31::555f488885b1,M06_SESSION_TIME,S31
S31::9584b16899ad,S31,623,-0.24685756551201846,PROFITABLE_RESCUE,bar_in_sess=4.0,0.41614347877870933,-0.3501824035833007,S31::9584b16899ad,M06_SESSION_TIME,S31
S38::3029c9493a71,S38,7763,-0.09395247678451399,NONE,,,,S38::3029c9493a71,M07_TREND_CONTINUATION,S38
S39::cdecf371316b,S39,11379,-0.15729102688266258,PROFITABLE_RESCUE,halfhour_bucket_utc=28.0,0.12428121145772372,-0.16709842659932025,S39::cdecf371316b,M07_TREND_CONTINUATION,S39
S3::37a51a4fd454,S3,10488,-0.36524044468647615,NONE,,,,S3::37a51a4fd454,M03_BREAKOUT_RETEST,S3
S3::7aafa506c507,S3,11720,-0.3737354389272471,NONE,,,,S3::7aafa506c507,M03_BREAKOUT_RETEST,S3
S40::43b9c7dbd606,S40,21477,-0.1929964957240371,LOSE_LESS_OR_FRAGILE,,,,S40::43b9c7dbd606,M21_META_ROUTER,S40
S41::73a2a8a65e5e,S41,9586,-0.391199701626434,NONE,,,,S41::73a2a8a65e5e,M17_VOLUME_PARTICIPATION,S41
S42::a347eead7c5d,S42,2280,-0.10211823685240022,LOSE_LESS_OR_FRAGILE,,,,S42::a347eead7c5d,M08_EXTENSION_MEAN_REVERSION,S42
S43::6aacd27a298d,S43,24638,-0.3255470396563592,NONE,,,,S43::6aacd27a298d,M18_OSCILLATOR_DIVERGENCE,S43
S44::3d6f380511c2,S44,16012,-0.16988540301205682,LOSE_LESS_OR_FRAGILE,,,,S44::3d6f380511c2,M17_VOLUME_PARTICIPATION,S44
S45::4809d6e42bc2,S45,12772,-0.16257469442432315,NONE,,,,S45::4809d6e42bc2,M19_SEQUENCE_RUNLENGTH,S45
S46::28bd0e966c33,S46,5396,-0.03691241235634437,PROFITABLE_RESCUE,bars_to_sess_end=1.0,0.4339192971680592,-0.04149385863165668,S46::28bd0e966c33,M03_BREAKOUT_RETEST,S46
S48::6d74b2000433,S48,6453,-0.16428795833193302,NONE,,,,S48::6d74b2000433,M04_VOLATILITY_COMPRESSION_EXPANSION,S48
S4::cf232107e3b5,S4,11007,-0.22398750302820006,LOSE_LESS_OR_FRAGILE,,,,S4::cf232107e3b5,M04_VOLATILITY_COMPRESSION_EXPANSION,S4
S50::9cc65b2c5452,S50,22126,-0.6026326920420786,NONE,,,,S50::9cc65b2c5452,M20_CANDLESTICK_PATTERN,S50
S51::049ca99687f4,S51,14402,-0.18209800690149575,NONE,,,,S51::049ca99687f4,M06_SESSION_TIME,S51
S5::15be26301532,S5,2426,-0.03342225409892166,NONE,,,,S5::15be26301532,M05_OPENING_RANGE,S5
S5::9cce3e63e04e,S5,2274,-0.08249763533273155,PROFITABLE_RESCUE,dist_pdl_atr=2.0,0.15509947544014885,-0.10871684775200449,S5::9cce3e63e04e,M05_OPENING_RANGE,S5
S6::7199b701458a,S6,2139,-0.5031640871587263,PROFITABLE_RESCUE,dist_or_low_atr=4.0,0.26892963696103817,-0.5394445558398312,S6::7199b701458a,M06_SESSION_TIME,S6
S6::a461ec93f607,S6,2149,-0.5128074236968724,NONE,,,,S6::a461ec93f607,M06_SESSION_TIME,S6
S7::98a2f4583fb9,S7,23223,-0.6253044035935208,NONE,,,,S7::98a2f4583fb9,M07_TREND_CONTINUATION,S7
S8::b7adfd7f9d4f,S8,7456,-0.1740521879042388,NONE,,,,S8::b7adfd7f9d4f,M08_EXTENSION_MEAN_REVERSION,S8
S8::ec037f864152,S8,7196,-0.14407963683864652,NONE,,,,S8::ec037f864152,M08_EXTENSION_MEAN_REVERSION,S8
S9::731bd4dd4aa4,S9,1523,0.002918726695630246,PROFITABLE_RESCUE,session_id=1.0,0.17884487271234092,-0.0073507634123639925,S9::731bd4dd4aa4,M09_MTF_ALIGNMENT,S9
SESS_A,SESS_A,3293,0.009844862393366436,LOSE_LESS_OR_FRAGILE,,,,SESS_A,M06_SESSION_TIME,SESS_A
SESS_B,SESS_B,3056,-0.3656137311760934,NONE,,,,SESS_B,M06_SESSION_TIME,SESS_B
SESS_C,SESS_C,1748,-0.2791331001590712,NONE,,,,SESS_C,M06_SESSION_TIME,SESS_C
SESS_D,SESS_D,2784,-0.0267017319359689,PROFITABLE_RESCUE,realvol_ratio=2.0,0.15728395053556915,-0.06208056338338673,SESS_D,M06_SESSION_TIME,SESS_D
SESS_E,SESS_E,989,-0.1706719129068075,NONE,,,,SESS_E,M06_SESSION_TIME,SESS_E
SESS_Fc,SESS_Fc,2958,-0.19368103707887946,NONE,,,,SESS_Fc,M06_SESSION_TIME,SESS_Fc
