motif,mean_R,count,len
AwVB|R:ACCELLESSPART|ASVB,-1.0732065836283808,35,3
R:DECELMOREPART|PSvb|R:ACCELLESSPART,-0.9893268901933822,47,3
R:DECELMOREPART|ASVb|R:DECELMOREPART,-0.9028058344477599,45,3
Awvb|R:ACCELLESSPART,-0.8898142259508799,39,2
R:DECELMOREPART|Awvb,-0.8604134327638892,30,2
PSvb|R:DECELMOREPART|Awvn,-0.8586975429148673,33,3
ASVb|R:DECELLESSPART|PSvn,-0.8383375222226221,25,3
AwvB|R:ACCELLESSPART,-0.8361026543406609,33,2
R:DECELLESSPART|PwVb|R:DECELLESSPART,-0.8096306914197879,27,3
Pwvn|R:ACCELLESSPART|Awvn,-0.8029000624995747,50,3
ASvn|R:DECELMOREPART|PSvb,-0.7914222229554694,29,3
PSVb|R:DECELLESSPART|PSVn,-0.7759788507116205,41,3
ASvn|R:DECELMOREPART|ASvB,-0.7734909304917406,49,3
ASvb|R:ACCELLESSPART,-0.7710468370611957,30,2
PSvb|R:DECELMOREPART|Awvb,-0.760817534967673,27,3
PwVn|R:ACCELMOREPART|PSVB,-0.758189223607875,28,3
PSvb|R:DECELMOREPART|PSvb,-0.7572750173610581,36,3
AwVn|R:DECELLESSPART|Awvn,-0.746461139507141,29,3
Awvb,-0.7393296926370363,65,1
ASvn|R:ACCELMOREPART|ASvB,-0.7391886002781338,42,3
AwVn|R:DECELLESSPART|AwVn,-0.7313880960306801,88,3
ASVb|R:ACCELMOREPART|PSVb,-0.726952167326649,50,3
ASVb|R:ACCELLESSPART|ASvn,-0.7245700188541082,37,3
ASVn|R:DECELMOREPART|ASVb,-0.719748963804771,39,3
R:DECELLESSPART|Awvn|R:DECELLESSPART,-0.7187496787779493,53,3
R:DECELMOREPART|PSvb,-0.7167479944099885,129,2
ASvn|R:DECELLESSPART|PSvb,-0.7112618531170117,49,3
Awvn|R:DECELLESSPART|Pwvn,-0.7085944722645853,61,3
R:DECELLESSPART|PSvn|R:DECELMOREPART,-0.6895476874607476,182,3
ASVb|R:DECELLESSPART|PwVn,-0.6887696151907026,66,3
PSvn|R:DECELMOREPART|ASvB,-0.678001877730357,97,3
R:DECELLESSPART|PSvb|R:ACCELMOREPART,-0.6734416077413514,61,3
PSvb|R:DECELMOREPART|AwVb,-0.6699439401645396,56,3
ASvB|R:ACCELMOREPART|ASVB,-0.6680615410262645,27,3
PwVB|R:DECELLESSPART,-0.6669129830607011,27,2
PSvn|R:DECELMOREPART|PSvb,-0.6662173693329267,33,3
Awvn|R:DECELLESSPART|Awvn,-0.6627152621927344,43,3
PSVb|R:DECELLESSPART|ASvn,-0.6618522238374159,53,3
Awvn|R:DECELLESSPART,-0.6592033768426476,101,2
ASvB|R:ACCELMOREPART|PSvn,-0.6572188713109076,92,3
Awvn|R:ACCELLESSPART|Pwvn,-0.656728771352029,72,3
R:ACCELMOREPART|ASVb|R:ACCELMOREPART,-0.6534336443140552,48,3
AwVn|R:ACCELLESSPART|Awvn,-0.6512247792194973,32,3
R:DECELLESSPART|ASvB|R:DECELMOREPART,-0.6499389013361572,28,3
ASvB|R:DECELMOREPART|PSvB,-0.6462384394090586,42,3
R:DECELMOREPART|ASVB|R:DECELMOREPART,-0.6433688372898195,77,3
PSvb|R:ACCELMOREPART|ASVn,-0.6412897214701044,52,3
PSvn|R:ACCELMOREPART|PSvn,-0.6406772529100513,91,3
PSVn|R:DECELMOREPART|PSVb,-0.639005580058195,84,3
Pwvn|R:DECELLESSPART|Awvn,-0.6369658715866438,48,3
PwVb|R:DECELLESSPART,-0.6360664025158761,50,2
PwVn|R:ACCELLESSPART|PSVb,-0.6349528678170578,76,3
R:DECELMOREPART|ASvn|R:ACCELLESSPART,-0.6343525440229756,180,3
PSVn|R:DECELLESSPART|PSvn,-0.6320380996589323,71,3
ASVb|R:DECELLESSPART|ASVn,-0.6248112170167393,70,3
R:DECELMOREPART|PSvb|R:ACCELMOREPART,-0.6238813845691442,48,3
AwVB|R:ACCELLESSPART|ASVn,-0.6225854875849854,36,3
ASVb|R:ACCELLESSPART|PSVn,-0.6193808515653072,63,3
ASVB|R:DECELMOREPART|PwVn,-0.6168821674325007,72,3
R:ACCELLESSPART|PwVn|R:DECELLESSPART,-0.61649411075956,29,3
PSVB|R:DECELLESSPART|ASVn,-0.615582686786407,94,3
PSvn|R:DECELMOREPART|PwVn,-0.614803920405291,56,3
Awvn|R:ACCELLESSPART|ASvn,-0.6139048526529579,266,3
R:ACCELLESSPART|ASvb,-0.6131259038307575,106,2
R:DECELMOREPART|PSvB,-0.6083196985830188,50,2
ASvn|R:ACCELMOREPART|ASVB,-0.603474905872453,27,3
PSvn|R:DECELMOREPART|PSVn,-0.6022134531578891,27,3
R:ACCELLESSPART|Pwvn|R:ACCELLESSPART,-0.6009752509304143,116,3
R:DECELLESSPART|AwVn|R:DECELLESSPART,-0.6004642027974507,121,3
PwVB|R:ACCELMOREPART,-0.597954606165337,38,2
R:ACCELLESSPART|AwVn|R:ACCELLESSPART,-0.5934018496646761,144,3
PSVB|R:DECELMOREPART|PSVB,-0.59250729719497,41,3
R:DECELMOREPART|PSVB|R:ACCELMOREPART,-0.5915739062603034,28,3
R:ACCELLESSPART|PSVB|R:DECELMOREPART,-0.5915736492660214,26,3
R:DECELMOREPART|PSVB|R:ACCELLESSPART,-0.5888644920123479,77,3
ASvn|R:DECELMOREPART|ASvn,-0.5869902574810286,105,3
PSvn|R:ACCELMOREPART|ASVb,-0.5867444514261981,35,3
PSvn|R:ACCELMOREPART|PSvb,-0.5867196254957565,99,3
R:ACCELLESSPART|PSVB|R:ACCELLESSPART,-0.5846415885893129,30,3
PSvB|R:DECELMOREPART,-0.5830220712355925,42,2
R:DECELLESSPART|PSvb,-0.5829767408887451,158,2
ASVB|R:DECELLESSPART|AwVB,-0.5797779649898859,60,3
R:ACCELMOREPART|PSVb|R:DECELLESSPART,-0.5780846236327896,354,3
AwVn|R:ACCELLESSPART|Pwvn,-0.5773985003802421,36,3
Pwvn|R:ACCELMOREPART|ASVb,-0.5754691368930462,43,3
PSVb|R:DECELLESSPART|ASVn,-0.5749025830090737,283,3
PSVB|R:DECELLESSPART|AwVn,-0.5731398371021064,29,3
PSvn|R:DECELMOREPART|Pwvn,-0.5722725768331127,91,3
PSvn|R:ACCELLESSPART|PSvn,-0.5717437949203746,139,3
AwVn|R:DECELMOREPART|PwVn,-0.5713070566032553,45,3
R:ACCELLESSPART|ASvb|R:DECELMOREPART,-0.5697991161099919,78,3
AwVb|R:ACCELLESSPART|PSVn,-0.5692838369558356,49,3
ASvB|R:DECELLESSPART|ASvB,-0.567282912963254,52,3
Pwvn|R:DECELMOREPART|Pwvn,-0.5655551918417079,34,3
ASvn|R:DECELMOREPART|Awvn,-0.5644669229765146,98,3
R:ACCELMOREPART|ASvn|R:DECELLESSPART,-0.5639544123594583,214,3
R:ACCELLESSPART|ASvn|R:ACCELLESSPART,-0.5629507880874659,492,3
PSVb|R:DECELMOREPART|ASVb,-0.5626679140635893,168,3
R:DECELLESSPART|PSVB|R:ACCELLESSPART,-0.5622380617759005,48,3
R:DECELLESSPART|PSvb|R:ACCELLESSPART,-0.5588945909740355,51,3
R:ACCELLESSPART|PSVB|R:DECELLESSPART,-0.5580532352218702,43,3
Pwvb|R:ACCELLESSPART|ASvB,-0.557185892425424,25,3
Pwvn|R:ACCELLESSPART|PSvb,-0.5558461787045957,93,3
PSVb|R:ACCELLESSPART|ASVB,-0.5530222047776331,171,3
PSVb|R:DECELLESSPART|ASVB,-0.552941363301475,31,3
R:DECELMOREPART|ASVn|R:ACCELMOREPART,-0.5521727628116311,237,3
ASVn|R:ACCELMOREPART|ASVB,-0.5516125846525357,138,3
AwVn|R:ACCELLESSPART|PSvn,-0.5505185552607057,270,3
R:ACCELLESSPART|Awvn|R:ACCELLESSPART,-0.5498331089291544,102,3
R:DECELLESSPART|AwVn|R:ACCELMOREPART,-0.5486730820051259,239,3
PwVn|R:DECELMOREPART|PwVn,-0.5486383142985921,37,3
ASVn|R:ACCELLESSPART|PSvb,-0.5483507268961052,102,3
ASVn|R:ACCELMOREPART|PSVb,-0.5482601417850165,256,3
ASVn|R:DECELLESSPART|Awvn,-0.5480532529534534,93,3
R:ACCELLESSPART|PwVn|R:ACCELMOREPART,-0.5469591811694555,50,3
ASVB|R:DECELLESSPART|PwVn,-0.5465186264723619,137,3
AwVb|R:ACCELLESSPART|ASvB,-0.546204853778173,39,3
PSVn|R:DECELLESSPART|AwVn,-0.5449455821526888,482,3
Awvn|R:ACCELMOREPART|ASvn,-0.5430997048384322,140,3
R:ACCELLESSPART|ASVn|R:ACCELMOREPART,-0.5426941914822141,270,3
ASvn|R:ACCELLESSPART|ASvn,-0.5416502754997657,157,3
PSvb|R:DECELLESSPART|Awvn,-0.5413643006726648,25,3
R:DECELMOREPART|AwVB|R:ACCELLESSPART,-0.5398425231282645,98,3
PSvb|R:ACCELLESSPART|ASvB,-0.5392201067739018,194,3
AwVn|R:ACCELMOREPART|ASVb,-0.5364705039200801,58,3
PSvn|R:DECELLESSPART|Pwvn,-0.536081953271397,171,3
ASVb|R:DECELMOREPART|PSVn,-0.5352104926762341,58,3
PSVn|R:DECELLESSPART|PSVn,-0.5346390814063162,263,3
ASVb|R:DECELLESSPART|ASVb,-0.5343383947035258,81,3
R:ACCELLESSPART|ASvB|R:ACCELLESSPART,-0.5341342337861242,49,3
R:DECELMOREPART|ASvn|R:ACCELMOREPART,-0.5335063501152866,113,3
R:ACCELMOREPART|PSvn|R:ACCELLESSPART,-0.5329340535912392,202,3
ASVB|R:DECELLESSPART|PSVB,-0.5316845940505055,82,3
ASVn|R:DECELMOREPART|PSVb,-0.5296384929399217,58,3
R:DECELMOREPART|ASvB,-0.5278379508393852,366,2
AwVn|R:DECELLESSPART,-0.5273862405705918,237,2
R:ACCELLESSPART|ASvB|R:ACCELMOREPART,-0.5273171025699177,79,3
R:DECELMOREPART|PSVb|R:ACCELLESSPART,-0.5268310647035535,222,3
PSVB|R:ACCELMOREPART,-0.5267183448129847,119,2
Awvn|R:ACCELLESSPART|ASvB,-0.5237725849150661,202,3
ASVb|R:ACCELLESSPART|ASVn,-0.523441719400395,89,3
PSvb|R:DECELMOREPART|AwVn,-0.5227351527469656,32,3
PSVn|R:ACCELMOREPART|PSVn,-0.5221555346573193,157,3
ASVb|R:DECELMOREPART|ASVb,-0.5220470850368772,168,3
AwVB|R:ACCELLESSPART,-0.5211712447708274,198,2
R:ACCELLESSPART|ASVB|R:DECELLESSPART,-0.5206026944176452,338,3
R:ACCELLESSPART|ASvn|R:DECELLESSPART,-0.5203842719285877,975,3
R:ACCELMOREPART|ASvn|R:ACCELLESSPART,-0.519733885667281,143,3
ASvn|R:DECELLESSPART|PSvn,-0.5193486287366921,984,3
ASvn|R:ACCELLESSPART|PSvb,-0.5178748864180267,244,3
R:ACCELMOREPART|Pwvn|R:ACCELLESSPART,-0.5160329352189519,33,3
PSVn|R:ACCELLESSPART|ASvn,-0.5153644426259131,326,3
PSvn|R:DECELMOREPART|ASVn,-0.5134934640959787,172,3
R:DECELMOREPART|Awvn|R:ACCELMOREPART,-0.5132570132797253,123,3
R:DECELMOREPART|ASVb,-0.512838977529648,424,2
PSVB|R:ACCELLESSPART,-0.5126555716731279,201,2
R:ACCELLESSPART|PSvb|R:ACCELMOREPART,-0.5122015018092513,311,3
R:DECELMOREPART|Awvn,-0.5120732466784685,344,2
ASVB|R:DECELMOREPART|ASVn,-0.511344878546855,44,3
Pwvn|R:ACCELMOREPART|PSvn,-0.5102145044545587,187,3
PSVB|R:ACCELLESSPART|PSVn,-0.5061515445874333,37,3
ASVB|R:DECELLESSPART|ASvB,-0.5058204817375023,46,3
PSvb|R:ACCELMOREPART|ASvB,-0.5051194576744619,450,3
ASvB|R:DECELMOREPART|AwVB,-0.5050733638709672,38,3
R:DECELLESSPART|PSVn|R:DECELLESSPART,-0.505038794937825,503,3
R:ACCELMOREPART|ASVb|R:DECELLESSPART,-0.5047426078420991,149,3
R:DECELLESSPART|PwVB,-0.5036937385357617,99,2
ASVn|R:ACCELLESSPART|ASVb,-0.503372136641077,79,3
R:DECELMOREPART|PSVb|R:DECELMOREPART,-0.5027567321249162,80,3
ASVB|R:DECELMOREPART|AwVB,-0.5024751053613229,100,3
AwVn|R:ACCELLESSPART|ASvn,-0.5020368074093493,172,3
R:DECELMOREPART|ASVb|R:DECELLESSPART,-0.5014220807791372,177,3
R:DECELLESSPART|ASVn|R:DECELMOREPART,-0.5013250606021757,131,3
R:ACCELLESSPART|PSvb|R:ACCELLESSPART,-0.5008640519428351,100,3
R:ACCELLESSPART|Awvn,-0.5002758116391797,177,2
ASvb|R:DECELMOREPART|PSVb,-0.4983748438059039,45,3
R:ACCELMOREPART|AwVn|R:ACCELMOREPART,-0.49655483740836115,36,3
Pwvn|R:DECELLESSPART,-0.4957983287774889,96,2
R:ACCELLESSPART|PSVB,-0.4937944100009471,117,2
R:DECELLESSPART|ASVb|R:DECELLESSPART,-0.49324767872045266,103,3
R:ACCELMOREPART|ASVn|R:ACCELLESSPART,-0.4920276593606631,250,3
R:ACCELLESSPART|AwVn,-0.49161724196751544,221,2
AwVn|R:ACCELLESSPART|PwVn,-0.49133133810680524,116,3
PSVB|R:ACCELLESSPART|ASVn,-0.4913231416253513,81,3
ASVn|R:DECELLESSPART|AwVn,-0.49124473595957996,484,3
R:DECELMOREPART|Awvn|R:ACCELLESSPART,-0.4906956453813931,199,3
PSvb|R:ACCELLESSPART,-0.4897453913037594,316,2
ASvb,-0.48889933441669603,380,1
PSvn|R:DECELMOREPART|Awvn,-0.4880238999656487,142,3
R:ACCELLESSPART|PSvb|R:DECELLESSPART,-0.4880214755245357,151,3
R:DECELMOREPART|ASVb|R:ACCELMOREPART,-0.48780487249830534,54,3
Awvn|R:ACCELLESSPART,-0.4877587964794402,1090,2
R:ACCELLESSPART|PSvn|R:DECELMOREPART,-0.48761507254378095,487,3
PwVn|R:ACCELLESSPART|ASvn,-0.4857178573888626,209,3
R:ACCELLESSPART|Pwvn,-0.4847523414709031,201,2
R:DECELLESSPART|PwVB|R:ACCELLESSPART,-0.48410406562357966,76,3
AwVn|R:ACCELLESSPART|AwVn,-0.48272025665879986,104,3
R:DECELLESSPART|PSvn|R:ACCELLESSPART,-0.48196598562374193,788,3
R:ACCELLESSPART|PSvn|R:DECELLESSPART,-0.4817411777933012,553,3
ASVn|R:ACCELLESSPART|ASVn,-0.48171493279229105,477,3
R:DECELLESSPART|Awvn|R:ACCELLESSPART,-0.481384760076772,527,3
R:DECELLESSPART|AwVB|R:ACCELLESSPART,-0.47964030258635754,61,3
ASVb|R:DECELLESSPART|AwVn,-0.4787605146387032,57,3
AwVn|R:ACCELLESSPART|PSVb,-0.4785556682518154,92,3
R:DECELMOREPART|ASVb|R:ACCELLESSPART,-0.47654678017333396,173,3
PSvn|R:ACCELMOREPART|ASvb,-0.47648129498196795,52,3
ASvn|R:DECELLESSPART,-0.47622601967147804,1639,2
ASvn|R:DECELLESSPART|Awvn,-0.47602581988592824,171,3
ASvn|R:DECELMOREPART|ASVB,-0.4756141939494128,62,3
PSVn|R:ACCELMOREPART|PSVb,-0.474653903106142,131,3
ASvB|R:DECELLESSPART|PSvn,-0.4745744432128322,246,3
Awvn|R:ACCELLESSPART|PSvb,-0.474565387069366,127,3
R:DECELLESSPART|AwVn,-0.4744248872525922,1244,2
R:DECELLESSPART|Awvn,-0.47404362264039035,769,2
R:DECELLESSPART|AwVn|R:ACCELLESSPART,-0.4738110001113206,992,3
PSvn|R:ACCELLESSPART|ASvn,-0.4732659295778407,687,3
ASVB|R:DECELLESSPART|PwVB,-0.4728633991299148,74,3
ASVn|R:ACCELMOREPART|PSVn,-0.4724473114477055,409,3
PwVn|R:ACCELLESSPART|PSVn,-0.47119670951677317,357,3
PSvn|R:DECELMOREPART,-0.4706246048361453,1222,2
R:ACCELMOREPART|PSVB|R:ACCELMOREPART,-0.47008521842375767,33,3
AwVn|R:ACCELLESSPART|ASVB,-0.4699474764479885,160,3
ASvb|R:ACCELMOREPART,-0.46973096064118725,36,2
PwVn|R:ACCELLESSPART|PSvn,-0.46858642647975696,162,3
PSvn|R:DECELMOREPART|ASvn,-0.46816310432068325,357,3
ASvn|R:ACCELLESSPART|PSvn,-0.4681532017164998,799,3
Pwvn|R:ACCELMOREPART|ASvn,-0.4678974788336416,284,3
R:DECELMOREPART|ASvn,-0.4674988761450784,621,2
ASvb|R:DECELMOREPART,-0.46712463117310965,251,2
PSvb|R:DECELMOREPART|PSVb,-0.46679539413398285,51,3
R:ACCELLESSPART|ASvn,-0.46663289460505264,2433,2
R:DECELMOREPART|PSVb,-0.46657410314047565,659,2
ASVn|R:DECELLESSPART|PSVn,-0.4656341011082334,889,3
PSvn|R:ACCELLESSPART,-0.4649889359541096,2332,2
PSvn|R:ACCELLESSPART|ASvB,-0.4647113290994354,1587,3
R:DECELMOREPART|PwVn|R:DECELLESSPART,-0.4646709440839239,69,3
R:DECELMOREPART|PSVB|R:DECELLESSPART,-0.4641442876349014,91,3
R:DECELMOREPART|PwVB|R:ACCELLESSPART,-0.4637749111133672,119,3
R:DECELLESSPART|ASVb,-0.46329357889259865,219,2
R:DECELLESSPART|ASvn|R:DECELMOREPART,-0.4631472844335466,253,3
ASvn|R:ACCELLESSPART,-0.46205531406789024,1289,2
PwVB|R:ACCELLESSPART|ASVn,-0.46195532459936745,41,3
PSVb|R:ACCELMOREPART|ASVn,-0.4617665937672479,115,3
R:ACCELLESSPART|ASvB|R:DECELLESSPART,-0.461369314937496,203,3
ASVB|R:ACCELLESSPART|PSVn,-0.46113652494022106,161,3
R:ACCELLESSPART|PSVb|R:DECELMOREPART,-0.4595770310636026,215,3
ASVn|R:ACCELLESSPART|PSvn,-0.45952837919105416,401,3
R:ACCELLESSPART|PSVn|R:DECELMOREPART,-0.459364176427668,327,3
PSVb|R:DECELLESSPART,-0.4585143594262569,1014,2
R:ACCELLESSPART|PSvn|R:ACCELLESSPART,-0.45837104850088983,1001,3
R:DECELLESSPART|PSvn,-0.4583122975180472,1881,2
R:ACCELLESSPART|ASVB|R:ACCELLESSPART,-0.45792105848548537,70,3
ASVn|R:ACCELMOREPART,-0.4573976817765498,1074,2
PSVB|R:DECELLESSPART,-0.45703844806254784,242,2
R:DECELLESSPART|ASVB|R:DECELLESSPART,-0.45659309020556155,118,3
ASVb|R:DECELMOREPART|PwVn,-0.4565098427700548,32,3
R:DECELMOREPART|AwVb|R:ACCELMOREPART,-0.45531141143004855,28,3
PwVB|R:ACCELLESSPART,-0.45477701390364644,205,2
PSVb|R:DECELLESSPART|AwVn,-0.45429341793616035,99,3
PSvb|R:ACCELMOREPART|ASvn,-0.4538674101666954,82,3
R:DECELMOREPART|PSvn|R:ACCELLESSPART,-0.4536048517916586,346,3
PSVn|R:DECELLESSPART|ASVB,-0.4527350548081017,32,3
R:DECELLESSPART|PSVB,-0.45182809263409096,109,2
Pwvn|R:ACCELMOREPART|PSVb,-0.4510818642680879,105,3
ASvn|R:ACCELLESSPART|ASvB,-0.4509423010115211,177,3
R:ACCELMOREPART|ASVn|R:ACCELMOREPART,-0.4504535446099462,309,3
PSvn|R:DECELLESSPART,-0.45039514278196513,983,2
ASVb|R:DECELLESSPART,-0.44978690376106034,546,2
R:DECELMOREPART|ASvn|R:DECELMOREPART,-0.44949053299772035,142,3
PwVB|R:ACCELLESSPART|ASVB,-0.4487023369455559,46,3
PSVb|R:DECELMOREPART|ASVB,-0.4485044294000648,77,3
R:DECELMOREPART|Pwvb|R:ACCELLESSPART,-0.4475544545538,27,3
ASVn|R:ACCELMOREPART|ASVb,-0.4466350228761955,138,3
R:ACCELLESSPART|PSvb,-0.44609683423438007,887,2
ASVB|R:DECELLESSPART|PSvn,-0.44599819842347355,144,3
Pwvn|R:ACCELLESSPART|Pwvn,-0.44590129152161684,54,3
AwVn|R:ACCELMOREPART|PSVb,-0.4448770317159558,129,3
PSVn|R:ACCELMOREPART|ASVn,-0.44183049538417923,480,3
R:DECELLESSPART|Awvn|R:ACCELMOREPART,-0.44182298107559653,206,3
PSVb|R:ACCELLESSPART|ASvn,-0.4410620716722299,74,3
AwVn|R:ACCELMOREPART,-0.4404444966283372,863,2
PSvn|R:DECELLESSPART|PSvn,-0.4394198549393373,91,3
PSvb|R:ACCELLESSPART|ASvn,-0.43823215153093126,113,3
ASvn|R:DECELLESSPART|Pwvn,-0.4381080218224259,356,3
R:ACCELMOREPART|PSvb|R:DECELMOREPART,-0.43781194195344597,398,3
R:ACCELLESSPART|ASVn|R:DECELLESSPART,-0.43749121393516255,1308,3
AwVn|R:ACCELMOREPART|PSVn,-0.43733934532847674,280,3
R:ACCELMOREPART|PSvn|R:DECELLESSPART,-0.4372831646172211,110,3
R:DECELLESSPART|PSVn,-0.4370104190405018,1449,2
PSvn|R:ACCELMOREPART|ASvB,-0.43683455104431473,1531,3
Awvn|R:DECELMOREPART|Awvn,-0.436555779336999,28,3
R:DECELLESSPART|PSVn|R:ACCELLESSPART,-0.4363952412835905,802,3
ASvb|R:DECELLESSPART,-0.43578722196942127,73,2
PSVn|R:DECELLESSPART,-0.43576230118860637,1905,2
R:DECELLESSPART|AwVB,-0.43517260198617325,88,2
PSvb|R:DECELMOREPART|ASvB,-0.4350572779196784,92,3
R:ACCELLESSPART|PSvn,-0.43504734263065353,2590,2
ASVn|R:DECELMOREPART|ASVn,-0.43483945790817363,309,3
R:ACCELMOREPART|PSVB|R:DECELLESSPART,-0.43436654611564907,50,3
ASvB|R:DECELLESSPART,-0.4340530616690304,383,2
PSVb|R:DECELMOREPART|ASVn,-0.4340076656222232,285,3
ASVB|R:DECELMOREPART|PSVB,-0.43396503490866645,172,3
PSvn|R:ACCELLESSPART|PSvb,-0.43379016629476064,103,3
AwVn|R:ACCELLESSPART|ASVn,-0.43372162860400604,415,3
R:DECELLESSPART|PwVn|R:ACCELLESSPART,-0.43337383366992976,1025,3
ASvn|R:ACCELMOREPART|PSvb,-0.43273595914148105,274,3
PwVn|R:DECELMOREPART,-0.43237004549741875,89,2
R:DECELLESSPART|ASVn|R:DECELLESSPART,-0.43227134662459477,565,3
R:ACCELMOREPART|PSvn|R:DECELMOREPART,-0.43198985524008277,339,3
Pwvb|R:ACCELLESSPART,-0.4319343395598381,53,2
R:ACCELMOREPART|ASVb,-0.43175565306589053,508,2
AwVn|R:ACCELMOREPART|ASVn,-0.43098339986150386,236,3
Awvn|R:ACCELMOREPART|ASVn,-0.4309212351268383,73,3
R:DECELMOREPART|ASVB|R:ACCELLESSPART,-0.43080218403613396,159,3
R:DECELLESSPART|PSvn|R:ACCELMOREPART,-0.4301538887568433,846,3
R:ACCELMOREPART|PSvn,-0.42999201566801554,1151,2
AwVn,-0.4299665740026108,2487,1
PSVn|R:ACCELLESSPART|PSVn,-0.4295732489094339,265,3
R:ACCELLESSPART|ASVn,-0.4290369181561839,2239,2
R:DECELMOREPART|AwVb,-0.42885086394568733,261,2
PSvb|R:ACCELMOREPART,-0.42872026575974653,1110,2
R:ACCELMOREPART|PSVn|R:ACCELMOREPART,-0.428056943136614,483,3
ASvn|R:DECELMOREPART|PSvn,-0.4277703189676008,644,3
R:ACCELMOREPART|PSVn|R:ACCELLESSPART,-0.42733138829730744,370,3
PSVb|R:DECELMOREPART|PSVb,-0.4263027491934076,174,3
R:ACCELMOREPART|Pwvn,-0.42569853035832234,64,2
ASVn|R:DECELMOREPART|ASVB,-0.42563662505939803,116,3
R:ACCELLESSPART|ASVn|R:DECELMOREPART,-0.42543802706733475,473,3
R:ACCELMOREPART|ASvB|R:DECELLESSPART,-0.4253452715842702,115,3
R:ACCELMOREPART|PSvb|R:ACCELMOREPART,-0.42525808196304793,377,3
ASvn,-0.42395469230146865,4690,1
ASvn|R:ACCELMOREPART|PSVb,-0.4228638722513869,127,3
PSVn|R:DECELLESSPART|ASvn,-0.4227700882566361,204,3
R:DECELLESSPART|PwVn|R:DECELMOREPART,-0.4227362580237918,25,3
PSVb|R:ACCELMOREPART|PSVb,-0.4226775724707205,77,3
R:DECELLESSPART|PSVn|R:ACCELMOREPART,-0.4224563552987814,246,3
ASvB|R:DECELMOREPART|PwVB,-0.4219352294525005,65,3
PSvn,-0.4216604756736236,5806,1
AwVn|R:ACCELLESSPART,-0.42158187457084395,1838,2
PSVb|R:ACCELLESSPART,-0.42157911790942076,705,2
ASvn|R:DECELMOREPART|Pwvn,-0.4214107818023892,248,3
R:DECELLESSPART,-0.42138591381805346,5704,1
R:ACCELLESSPART|ASvB,-0.4210226656473621,3951,2
PSVn|R:DECELLESSPART|PwVn,-0.42083045935529584,373,3
Awvn|R:ACCELMOREPART|Pwvn,-0.4200670226401105,32,3
ASVB|R:DECELMOREPART|AwVn,-0.41968310757896876,40,3
PSVb|R:DECELLESSPART|ASVb,-0.419581176550049,127,3
R:DECELMOREPART|Pwvn|R:ACCELLESSPART,-0.418598014136058,231,3
PwVb|R:ACCELLESSPART|ASVn,-0.4184711992950452,130,3
PSVB|R:ACCELMOREPART|ASVn,-0.4178779440925408,56,3
PSvb|R:DECELMOREPART,-0.41697151832876106,934,2
ASvB,-0.4162269527649805,7221,1
PSvb|R:DECELLESSPART,-0.4158219628668541,272,2
PSvb|R:DECELMOREPART|PwVb,-0.4156814348224732,37,3
R:ACCELLESSPART|PSVn|R:DECELLESSPART,-0.4152818836145859,838,3
R:DECELLESSPART|Awvn|R:DECELMOREPART,-0.4151826196384934,39,3
R:ACCELLESSPART|PwVn,-0.41503288816666706,261,2
PSVn|R:ACCELLESSPART|ASvB,-0.4150137679589399,615,3
PSvb,-0.414329396828037,2500,1
R:DECELLESSPART|PwVb,-0.4142227615484783,141,2
R:DECELLESSPART|Pwvn|R:ACCELLESSPART,-0.41353422946922175,611,3
R:ACCELMOREPART|PSVb|R:DECELMOREPART,-0.41348337439547456,576,3
R:DECELMOREPART|PSVb|R:DECELLESSPART,-0.41346906138038486,272,3
AwVb,-0.4134531388194889,411,1
PwvB,-0.4133615112386625,105,1
R:ACCELLESSPART|ASVn|R:ACCELLESSPART,-0.41310080486201917,723,3
AwVb|R:ACCELLESSPART|ASVn,-0.4128409575123823,101,3
PSVb|R:ACCELLESSPART|ASVn,-0.4123274534178644,248,3
R:ACCELMOREPART|ASvB,-0.41230734824405396,2633,2
ASVn|R:ACCELLESSPART|ASVB,-0.41189082017451994,179,3
R:DECELMOREPART|PwVB,-0.4115363936776005,222,2
PwVn|R:ACCELLESSPART|ASVn,-0.411479099515829,598,3
ASvn|R:DECELLESSPART|ASvB,-0.41096961776971924,67,3
R:ACCELMOREPART|PSVb|R:ACCELLESSPART,-0.41091438697254146,195,3
ASVn|R:ACCELLESSPART,-0.41002227740616803,2026,2
ASVb|R:ACCELMOREPART,-0.40985421711446124,160,2
AwVn|R:ACCELMOREPART|ASVB,-0.4098297239451014,99,3
R:ACCELMOREPART|PSVB|R:DECELMOREPART,-0.4093512075158713,105,3
R:ACCELMOREPART|ASvn,-0.4091564204746152,947,2
PSVB,-0.4089884301595725,865,1
PSVb|R:DECELLESSPART|PSVb,-0.4087053278380485,152,3
Awvn,-0.40860793064158246,2553,1
ASVn|R:DECELLESSPART,-0.40854934845812946,2539,2
AwVn|R:ACCELMOREPART|PSVB,-0.40757140901653693,25,3
R:ACCELLESSPART|ASVb|R:DECELLESSPART,-0.40729652598401805,142,3
Pwvn|R:ACCELLESSPART,-0.40694938456508345,1245,2
R:DECELMOREPART|PSVB,-0.4068820687749471,334,2
AwVn|R:ACCELLESSPART|ASVb,-0.40626232838246235,38,3
R:DECELMOREPART|AwVb|R:ACCELLESSPART,-0.4061571357166165,220,3
R:ACCELMOREPART|ASVB|R:DECELMOREPART,-0.40552728336404914,692,3
R:ACCELMOREPART|PSVb,-0.40531485450453525,1347,2
PSVn|R:ACCELLESSPART|ASVn,-0.4043668833257676,675,3
PwVB,-0.4041082409159025,352,1
PSVb|R:DECELMOREPART,-0.40373454826135474,1019,2
R:DECELLESSPART|Pwvn,-0.4036302726635395,971,2
PwVn|R:ACCELLESSPART,-0.40305704476939985,1965,2
ASVb,-0.40290538752925525,1108,1
PSvn|R:ACCELMOREPART|ASvn,-0.40169275121179876,373,3
R:ACCELLESSPART|PSVn,-0.4016366833011805,1852,2
PSVb|R:DECELLESSPART|AwVb,-0.4013867198384003,78,3
Awvn|R:ACCELLESSPART|PSvn,-0.4011702144015933,446,3
Pwvn|R:ACCELLESSPART|ASvn,-0.4008553326060859,431,3
ASvn|R:DECELMOREPART,-0.40069821199861494,1754,2
R:DECELMOREPART|ASvb,-0.4003887575836143,39,2
R:DECELLESSPART|AwVb,-0.3998898325002365,126,2
PwVb|R:ACCELLESSPART|ASvn,-0.3997666770860832,39,3
Awvn|R:ACCELMOREPART|PSVb,-0.39968790370036406,158,3
ASvB|R:DECELMOREPART|ASvB,-0.39944776103014723,114,3
R:ACCELLESSPART,-0.39933412428266724,7897,1
R:DECELLESSPART|Pwvn|R:ACCELMOREPART,-0.3990993214273744,360,3
PSvn|R:DECELLESSPART|Awvn,-0.39882824807777134,222,3
R:ACCELLESSPART|ASvn|R:ACCELMOREPART,-0.3986705396691708,363,3
ASVB|R:DECELLESSPART,-0.3984800527806047,1059,2
R:ACCELMOREPART|PSVn|R:DECELLESSPART,-0.39786127666620463,452,3
ASVn|R:ACCELLESSPART|PSVb,-0.39756028712629626,192,3
PSVn|R:DECELMOREPART|PSVn,-0.39626385476776865,187,3
R:ACCELMOREPART|ASVb|R:DECELMOREPART,-0.39606863540485016,331,3
PwVn|R:ACCELMOREPART|ASVn,-0.39530363509710426,251,3
R:DECELMOREPART|PSVb|R:ACCELMOREPART,-0.39530182623188354,112,3
R:DECELMOREPART|PSVn|R:DECELLESSPART,-0.3951832111990214,346,3
ASVn,-0.39515362033718116,4460,1
PSVn|R:ACCELMOREPART,-0.394845574647916,1671,2
R:DECELLESSPART|ASVn,-0.394467855375699,1376,2
PSvn|R:DECELMOREPART|PSvn,-0.3944378583830471,78,3
R:DECELMOREPART|Pwvn,-0.3932744186363387,445,2
AwVb|R:ACCELLESSPART,-0.3928743725591707,350,2
ASVb|R:DECELMOREPART|PSVb,-0.39253203620485444,188,3
Pwvn|R:DECELLESSPART|Pwvn,-0.3924307030723222,47,3
R:DECELMOREPART|ASVn|R:DECELMOREPART,-0.3922886367574962,292,3
ASVb|R:ACCELLESSPART,-0.3921630930494214,333,2
PSvn|R:ACCELMOREPART,-0.3914472829778729,3201,2
R:DECELLESSPART|ASvn,-0.39131169990075937,1148,2
PSVb,-0.39120286252398134,2780,1
PSVb|R:DECELMOREPART|PwVb,-0.3911487443052107,119,3
R:ACCELMOREPART|PSvn|R:ACCELMOREPART,-0.3909583236778724,543,3
PwVn|R:ACCELLESSPART|ASvB,-0.3906130448705132,305,3
PSVn|R:ACCELLESSPART,-0.3904917376198269,2567,2
R:DECELLESSPART|PwVn,-0.39030383369309446,1308,2
R:ACCELLESSPART|ASvn|R:DECELMOREPART,-0.3897184825829081,775,3
R:DECELLESSPART|ASvB,-0.3896287821991927,361,2
Pwvn|R:ACCELMOREPART|Pwvn,-0.38958464519366537,26,3
R:ACCELMOREPART|PSVn,-0.3888296441915845,1673,2
R:DECELLESSPART|ASvn|R:DECELLESSPART,-0.3888163187223001,299,3
PSVn|R:ACCELLESSPART|PSvb,-0.38813036156229447,35,3
ASvn|R:ACCELMOREPART,-0.3876140975754354,1189,2
ASVb|R:DECELMOREPART|AwVb,-0.3873055394789698,68,3
Awvn|R:ACCELLESSPART|Awvn,-0.3867343768875622,51,3
R:DECELMOREPART|AwVB,-0.38673204081643936,180,2
AwVB|R:ACCELLESSPART|PSVn,-0.38668086805187957,68,3
PSVB|R:DECELMOREPART,-0.3861080293790015,201,2
R:DECELMOREPART|AwVn|R:ACCELMOREPART,-0.3856404249688866,312,3
R:ACCELMOREPART|PSvb,-0.3850232682001073,891,2
R:DECELMOREPART|PSvn,-0.3849426106558176,1063,2
PSVn,-0.38453541248529743,5007,1
R:ACCELMOREPART|ASvb|R:DECELMOREPART,-0.3837963956122213,106,3
AwVn|R:ACCELMOREPART|AwVn,-0.3835641653153805,48,3
R:DECELMOREPART|ASVn,-0.38340939709858085,1459,2
R:ACCELLESSPART|PSvn|R:ACCELMOREPART,-0.3825203695072267,882,3
R:DECELMOREPART|PwvB,-0.38171520893306904,34,2
AwVB|R:ACCELMOREPART|PSVn,-0.38134429320371893,28,3
ASvB|R:ACCELLESSPART|PSvn,-0.38114666623628035,111,3
PwvB|R:ACCELMOREPART,-0.3809555787893705,52,2
R:ACCELMOREPART|AwVn,-0.38048589529496063,134,2
R:ACCELMOREPART|ASvb,-0.3795152577144767,140,2
ASVb|R:ACCELMOREPART|PSVn,-0.37891679515337107,28,3
ASVn|R:DECELMOREPART,-0.37813073285473753,1618,2
R:ACCELLESSPART|ASVb,-0.3771963714503374,274,2
R:ACCELMOREPART,-0.37621291733697687,9663,1
Pwvn,-0.376018017746455,3150,1
R:DECELLESSPART|PSvn|R:DECELLESSPART,-0.37549062561054725,214,3
PSvn|R:DECELLESSPART|ASvn,-0.37506768144965225,493,3
R:ACCELLESSPART|PSVb|R:DECELLESSPART,-0.37435113266842246,281,3
Pwvn|R:ACCELMOREPART|ASvB,-0.3737947975989541,453,3
R:ACCELMOREPART|ASvB|R:ACCELLESSPART,-0.3734527411453289,38,3
R:DECELLESSPART|ASVb|R:ACCELLESSPART,-0.3725618836957125,103,3
PwVn,-0.37239808750233383,2697,1
ASVn|R:DECELMOREPART|PwVn,-0.3723623795990873,368,3
PSVn|R:DECELMOREPART|AwVn,-0.3720021891602399,309,3
PSVn|R:DECELMOREPART,-0.3719314967406557,1242,2
R:ACCELLESSPART|PSVb,-0.371749117517268,638,2
ASVn|R:DECELLESSPART|PSVb,-0.37120585079748164,27,3
PSvb|R:DECELMOREPART|ASvb,-0.3710341631106163,34,3
R:ACCELLESSPART|PSVn|R:ACCELMOREPART,-0.37098338159414057,284,3
PSVn|R:ACCELMOREPART|PSVB,-0.37074711805846766,44,3
R:DECELMOREPART,-0.37062233739950834,7795,1
ASVn|R:ACCELMOREPART|ASVn,-0.37035977960548094,193,3
PSvn|R:ACCELMOREPART|PSVb,-0.37032977830798597,55,3
Awvn|R:ACCELMOREPART|PSvn,-0.36961369828184504,301,3
PSvn|R:ACCELLESSPART|ASvb,-0.36956281437697014,29,3
ASVb|R:DECELLESSPART|PwVb,-0.36932962369042316,45,3
PwVn|R:DECELLESSPART|Awvn,-0.36929393272097033,44,3
AwVn|R:DECELLESSPART|PwVn,-0.36928884791746847,96,3
R:ACCELMOREPART|ASvn|R:DECELMOREPART,-0.36875329802635404,432,3
R:DECELMOREPART|Pwvn|R:ACCELMOREPART,-0.3686007442952046,198,3
AwVn|R:ACCELMOREPART|PwVn,-0.36814037509397934,57,3
Awvn|R:ACCELMOREPART|PSvb,-0.3680758613486361,216,3
ASVB|R:ACCELLESSPART,-0.3678192763562985,452,2
R:DECELMOREPART|PwVn|R:ACCELLESSPART,-0.36670911813877116,683,3
R:DECELLESSPART|ASVn|R:ACCELLESSPART,-0.3665048628279524,715,3
R:DECELMOREPART|PwVb|R:ACCELLESSPART,-0.36646831634542726,191,3
PSVb|R:DECELLESSPART|PwVb,-0.3662135905502989,90,3
ASVb|R:DECELMOREPART,-0.3659579741152665,554,2
PSvb|R:DECELMOREPART|ASVB,-0.36526999140719923,163,3
R:ACCELMOREPART|ASVn,-0.36522082004888284,1641,2
Pwvn|R:ACCELLESSPART|ASvB,-0.365201604871138,429,3
R:ACCELLESSPART|PSvb|R:DECELMOREPART,-0.36512300188654384,339,3
PSvb|R:DECELLESSPART|ASvn,-0.3649612264822257,151,3
PSVn|R:DECELLESSPART|Awvn,-0.3645990538519957,101,3
AwVB,-0.36344504222986834,326,1
PwVB|R:ACCELLESSPART|PSVn,-0.3629194158561338,58,3
ASVB|R:DECELLESSPART|AwVn,-0.36270135476681586,72,3
ASVB|R:ACCELMOREPART|PSVn,-0.36260586666844635,97,3
R:DECELMOREPART|ASVn|R:ACCELLESSPART,-0.36239002768754713,494,3
Awvn|R:ACCELMOREPART,-0.3615691658268479,1499,2
R:ACCELMOREPART|ASVn|R:DECELMOREPART,-0.36155304775974006,695,3
ASvn|R:DECELMOREPART|AwVn,-0.36120919262189133,51,3
Pwvn|R:ACCELMOREPART|PSVn,-0.3609557158869162,119,3
PSvn|R:DECELLESSPART|ASvB,-0.36048767853950603,69,3
R:DECELMOREPART|PSVn|R:ACCELLESSPART,-0.3600135387650197,776,3
R:DECELMOREPART|AwVn|R:DECELLESSPART,-0.3594526797169095,75,3
ASVb|R:DECELLESSPART|PSVn,-0.3588905333903865,115,3
PwVn|R:ACCELMOREPART|PSVn,-0.3579111448494888,191,3
PSvb|R:DECELMOREPART|ASvn,-0.357756202074323,137,3
R:ACCELMOREPART|ASVB|R:ACCELLESSPART,-0.35742853267427477,79,3
AwVb|R:ACCELLESSPART|PSVb,-0.35705257093639015,30,3
ASvB|R:DECELMOREPART|PwvB,-0.3569488523818172,33,3
AwVn|R:DECELMOREPART,-0.35692385840237334,103,2
R:DECELMOREPART|PSvn|R:ACCELMOREPART,-0.35586548812208185,549,3
PSVb|R:DECELMOREPART|AwVn,-0.3557783405661697,69,3
ASVb|R:ACCELLESSPART|ASVb,-0.3556958385556271,53,3
R:DECELMOREPART|PSVn|R:ACCELMOREPART,-0.3549016064744472,535,3
PSvb|R:DECELMOREPART|ASVn,-0.35465986003975486,129,3
PSvB,-0.35460676948821274,337,1
ASVn|R:DECELMOREPART|PSVn,-0.3545422297107618,653,3
R:DECELMOREPART|ASvn|R:DECELLESSPART,-0.3540853890608477,178,3
Pwvn|R:ACCELMOREPART|ASvb,-0.353395293396324,54,3
ASvB|R:ACCELMOREPART,-0.35334421106142183,376,2
PSvb|R:ACCELMOREPART|ASVB,-0.3532615163501419,508,3
ASVb|R:DECELLESSPART|AwVb,-0.3525642438711675,41,3
PSVn|R:ACCELMOREPART|ASVb,-0.35217108030173133,81,3
ASVB|R:DECELMOREPART|PwVB,-0.35191796832523026,117,3
PwVn|R:DECELMOREPART|AwVn,-0.35162632840444774,50,3
Pwvn|R:ACCELMOREPART,-0.3511578025174206,2013,2
R:DECELMOREPART|PSVn,-0.3511059210968173,1758,2
PSvn|R:ACCELMOREPART|PSVn,-0.35109997305520674,49,3
PSVn|R:ACCELMOREPART|ASVB,-0.35034332456164374,857,3
R:DECELLESSPART|ASVB,-0.34980294678142604,351,2
R:DECELLESSPART|AwVb|R:ACCELLESSPART,-0.34942579417555575,110,3
AwVb|R:ACCELMOREPART,-0.3494185343828251,43,2
PSVn|R:ACCELLESSPART|ASVb,-0.3488734149832989,56,3
ASVn|R:DECELLESSPART|PwVn,-0.34836691707735085,559,3
ASVB|R:DECELLESSPART|PSVn,-0.3479034005079375,296,3
R:ACCELMOREPART|PSVB,-0.3471924301025375,264,2
ASVB|R:DECELMOREPART,-0.34466362959670166,1190,2
ASvn|R:ACCELMOREPART|PSvn,-0.3446365161065924,469,3
R:DECELLESSPART|ASvn|R:ACCELLESSPART,-0.3441491555332869,379,3
R:ACCELMOREPART|AwVn|R:ACCELLESSPART,-0.34404055221285507,83,3
PwVn|R:ACCELLESSPART|PSvb,-0.34371428637217755,39,3
R:DECELMOREPART|Pwvb,-0.34329289923510037,36,2
R:ACCELLESSPART|PSVn|R:ACCELLESSPART,-0.3421936000105131,742,3
R:DECELLESSPART|AwVn|R:DECELMOREPART,-0.3419574304594516,26,3
R:ACCELMOREPART|ASVn|R:DECELLESSPART,-0.3412068701944891,618,3
R:DECELMOREPART|PSVn|R:DECELMOREPART,-0.34119922163962885,223,3
AwVn|R:ACCELLESSPART|PSVn,-0.3411403383516439,491,3
PSVn|R:DECELLESSPART|Pwvn,-0.34000037963816504,105,3
R:DECELMOREPART|AwVn,-0.3394573006548451,944,2
PwVb|R:ACCELLESSPART,-0.3393268085813978,338,2
ASVB|R:DECELMOREPART|PSVn,-0.3387736877250483,315,3
ASvB|R:DECELMOREPART|PSVB,-0.3378473719266208,80,3
PSVB|R:DECELMOREPART|ASVB,-0.3364585092006053,35,3
ASVn|R:DECELLESSPART|ASVB,-0.33627469562547757,78,3
R:DECELMOREPART|ASVn|R:DECELLESSPART,-0.33542425002342713,530,3
ASvB|R:DECELMOREPART|PwVn,-0.33540215221070235,43,3
R:DECELLESSPART|PwVb|R:ACCELLESSPART,-0.3349138527385452,111,3
Pwvb|R:ACCELMOREPART|ASVB,-0.33348135914500016,37,3
R:ACCELLESSPART|ASVB,-0.3333563473663327,1615,2
R:DECELMOREPART|PwVn,-0.3333033171039566,1061,2
R:ACCELMOREPART|PSVn|R:DECELMOREPART,-0.3323158254721601,535,3
Awvn|R:ACCELMOREPART|PSVn,-0.33186438774627147,187,3
R:ACCELLESSPART|ASVB|R:ACCELMOREPART,-0.33146404564577686,37,3
PSVn|R:ACCELLESSPART|PSVb,-0.3299975972997506,105,3
PSVn|R:DECELLESSPART|ASVn,-0.3293886581919792,628,3
PwVb,-0.3293592293343018,446,1
R:ACCELMOREPART|ASVB|R:DECELLESSPART,-0.3290173130237482,427,3
PSVn|R:DECELMOREPART|PwVn,-0.3288306823245945,201,3
AwVn|R:ACCELLESSPART|PSvb,-0.3282659233380128,36,3
ASVn|R:DECELLESSPART|ASVn,-0.3277992036190817,478,3
R:DECELMOREPART|AwVn|R:ACCELLESSPART,-0.32748713930732004,584,3
R:DECELLESSPART|PSVn|R:DECELMOREPART,-0.32735109112668953,99,3
PSVn|R:DECELMOREPART|ASVB,-0.3273005678307004,93,3
ASvn|R:ACCELMOREPART|PSVn,-0.3256193263761584,162,3
R:DECELMOREPART|PSvn|R:DECELLESSPART,-0.32549550270451894,97,3
R:DECELMOREPART|PwVb,-0.3254037419004551,253,2
R:DECELMOREPART|PSvn|R:DECELMOREPART,-0.32506726580348283,112,3
R:ACCELLESSPART|PwVn|R:ACCELLESSPART,-0.32462538814094505,180,3
R:DECELMOREPART|PwVn|R:DECELMOREPART,-0.32453262181296555,31,3
ASVB,-0.3244374676656565,6221,1
R:ACCELMOREPART|ASVB,-0.32369061836151974,3710,2
PSVn|R:ACCELLESSPART|PSvn,-0.3236213738227776,102,3
ASVn|R:ACCELLESSPART|PSVn,-0.3224247381194502,657,3
ASVn|R:ACCELLESSPART|ASvB,-0.32212211026361826,148,3
PwVn|R:ACCELLESSPART|PwVn,-0.32170298310510487,98,3
PwVn|R:ACCELMOREPART|PSVb,-0.32158094616949306,93,3
ASVB|R:ACCELLESSPART|PSvn,-0.32077769833491854,80,3
PwVn|R:ACCELLESSPART|AwVn,-0.31945542257780196,75,3
ASVb|R:ACCELMOREPART|ASVb,-0.3193284876628643,81,3
R:DECELLESSPART|ASvn|R:ACCELMOREPART,-0.31927224805902454,244,3
ASVB|R:DECELMOREPART|ASVB,-0.319252002123563,415,3
Pwvn|R:ACCELLESSPART|PSvn,-0.31875821039823576,275,3
R:DECELMOREPART|ASVB,-0.31847662200492055,1288,2
PSVB|R:DECELMOREPART|ASVn,-0.3175723776724631,71,3
ASVn|R:DECELLESSPART|PSvn,-0.3166125435560487,415,3
Awvn|R:DECELMOREPART,-0.3153704173878196,85,2
Pwvn|R:DECELMOREPART,-0.3153234099490536,84,2
R:ACCELMOREPART|PSvB,-0.3128927592060154,70,2
R:DECELLESSPART|ASVn|R:ACCELMOREPART,-0.31185372689167756,155,3
R:ACCELMOREPART|ASvn|R:ACCELMOREPART,-0.3114190755377242,140,3
PwVn|R:DECELLESSPART|PwVn,-0.310485767634319,121,3
PwVb|R:ACCELLESSPART|ASVB,-0.30990968913420586,30,3
PwVn|R:ACCELMOREPART,-0.3098129483963008,910,2
R:ACCELLESSPART|ASVb|R:DECELMOREPART,-0.30884102354245446,116,3
PSVn|R:DECELMOREPART|ASVn,-0.30826855826395716,476,3
R:ACCELLESSPART|ASvB|R:DECELMOREPART,-0.3082677791527119,599,3
ASvB|R:DECELMOREPART,-0.3080994304117938,1386,2
ASvn|R:DECELMOREPART|PSVn,-0.30792467384625893,304,3
Pwvn|R:ACCELMOREPART|PSvb,-0.30718092728954555,175,3
R:ACCELLESSPART|Awvn|R:ACCELMOREPART,-0.3067252452358798,49,3
ASvn|R:DECELMOREPART|PSVb,-0.30491576120695674,36,3
PSvB|R:ACCELMOREPART,-0.3048425207438686,139,2
Pwvn|R:ACCELMOREPART|ASVB,-0.30457096917962034,386,3
R:ACCELLESSPART|PSvB,-0.30435004333758636,65,2
R:ACCELLESSPART|PSVb|R:ACCELLESSPART,-0.30269643127404433,96,3
ASVn|R:ACCELLESSPART|ASvn,-0.3023098255638915,156,3
R:ACCELLESSPART|Pwvn|R:ACCELMOREPART,-0.3019636682070026,69,3
PwVn|R:DECELLESSPART,-0.30078180402980326,271,2
PSvn|R:ACCELMOREPART|ASVB,-0.29906491622823056,928,3
R:ACCELMOREPART|Pwvn|R:ACCELMOREPART,-0.297601781424074,27,3
ASVb|R:ACCELLESSPART|ASvB,-0.2963851314877757,31,3
R:DECELMOREPART|AwVn|R:DECELMOREPART,-0.29361660808036805,44,3
ASvB|R:ACCELLESSPART,-0.2911739216580111,174,2
ASVn|R:DECELMOREPART|AwVn,-0.28928161202787345,263,3
PSVn|R:ACCELLESSPART|ASVB,-0.2889807274039763,692,3
R:DECELLESSPART|PwVn|R:DECELLESSPART,-0.28709107368216613,144,3
PwVn|R:ACCELMOREPART|ASVb,-0.28589906374915425,56,3
PSVb|R:ACCELMOREPART,-0.28494477530936435,589,2
R:ACCELLESSPART|ASVB|R:DECELMOREPART,-0.2839765507637092,210,3
PwVn|R:ACCELMOREPART|ASVB,-0.2838349609797034,252,3
PSVb|R:DECELMOREPART|AwVb,-0.2828714927649677,122,3
Pwvb,-0.28254699568300534,141,1
ASvn|R:ACCELMOREPART|ASVn,-0.2808726890716432,35,3
ASVB|R:ACCELLESSPART|ASVB,-0.2798747994115996,95,3
ASvn|R:ACCELMOREPART|ASvn,-0.27831370471887995,44,3
PSVn|R:DECELLESSPART|ASvB,-0.27769127410810807,29,3
ASvB|R:DECELMOREPART|PSvn,-0.27685783448832685,361,3
R:DECELLESSPART|PSVb|R:DECELLESSPART,-0.27453434799560894,137,3
ASVB|R:DECELLESSPART|ASVB,-0.27232607463204933,197,3
PSvb|R:DECELLESSPART|ASvB,-0.27198202426273266,38,3
R:DECELMOREPART|AwvB,-0.27035557441323493,28,2
PSvB|R:ACCELLESSPART,-0.26789143725492404,53,2
ASVB|R:ACCELMOREPART|PSVb,-0.26767947142406756,36,3
ASvB|R:ACCELMOREPART|PSVb,-0.2632762138276476,72,3
PSvn|R:DECELMOREPART|ASVB,-0.26292068559412124,128,3
R:DECELLESSPART|Pwvn|R:DECELLESSPART,-0.26257603450914735,58,3
ASvB|R:DECELMOREPART|PSVn,-0.25945513081572047,293,3
R:ACCELMOREPART|PwVn|R:ACCELMOREPART,-0.25782320419717975,57,3
AwVn|R:DECELMOREPART|AwVn,-0.2574103631428735,53,3
AwvB,-0.25681805128730323,125,1
AwVb|R:ACCELLESSPART|ASvn,-0.2557391740974041,46,3
ASvB|R:ACCELMOREPART|PSvb,-0.2556652047695666,83,3
R:DECELLESSPART|PSVb,-0.25533585632854083,294,2
R:DECELMOREPART|PwVn|R:ACCELMOREPART,-0.25479237390914894,335,3
PwVn|R:ACCELLESSPART|ASVB,-0.2512922039471389,229,3
PwVn|R:ACCELMOREPART|AwVn,-0.24908557773633616,54,3
ASVn|R:DECELLESSPART|Pwvn,-0.24526903654002669,141,3
AwVn|R:ACCELLESSPART|ASvB,-0.24516196776402938,159,3
ASVn|R:DECELLESSPART|ASvn,-0.23980961211310903,90,3
R:DECELLESSPART|PSVB|R:DECELLESSPART,-0.23941840189255947,42,3
R:DECELLESSPART|PwVn|R:ACCELMOREPART,-0.23521473216078811,250,3
Pwvb|R:ACCELMOREPART,-0.2352086585005963,85,2
R:DECELLESSPART|PSVb|R:ACCELLESSPART,-0.23450448601403773,128,3
AwVn|R:DECELLESSPART|Pwvn,-0.23234384184739693,34,3
ASVB|R:ACCELMOREPART,-0.2303151978775998,267,2
R:ACCELMOREPART|ASVB|R:ACCELMOREPART,-0.22614871439759662,73,3
PSvn|R:DECELMOREPART|AwVn,-0.22552050020295433,80,3
R:ACCELLESSPART|PSVb|R:ACCELMOREPART,-0.2255138087202983,63,3
PwVn|R:DECELLESSPART|AwVn,-0.22513077235127907,94,3
PSVb|R:ACCELLESSPART|ASvB,-0.2241233364081934,131,3
R:ACCELMOREPART|ASvB|R:ACCELMOREPART,-0.2229186604203617,70,3
PwVb|R:ACCELLESSPART|ASvB,-0.2219974994221866,32,3
R:DECELMOREPART|ASVB|R:DECELLESSPART,-0.21941480038013225,215,3
PSvn|R:ACCELMOREPART|ASVn,-0.21737387502936095,172,3
PSVb|R:ACCELLESSPART|PSVb,-0.21654153022596415,54,3
ASvn|R:DECELLESSPART|ASvn,-0.21064059930295045,163,3
R:ACCELLESSPART|PSvB|R:ACCELMOREPART,-0.20859169036128278,32,3
R:ACCELMOREPART|PwVn|R:ACCELLESSPART,-0.20408201390775674,60,3
R:ACCELMOREPART|PSVb|R:ACCELMOREPART,-0.20346051795891232,274,3
PwvB|R:ACCELLESSPART,-0.20205844514109983,28,2
R:ACCELMOREPART|ASvB|R:DECELMOREPART,-0.1994224818451539,426,3
Awvn|R:ACCELMOREPART|ASVB,-0.19931733924392273,117,3
PwVn|R:ACCELLESSPART|ASVb,-0.1990376179472313,38,3
ASVB|R:DECELLESSPART|ASVn,-0.1982368153792405,52,3
PSVb|R:ACCELMOREPART|ASVB,-0.1959874262681943,387,3
ASvn|R:DECELMOREPART|ASVn,-0.18291055212956425,68,3
ASVB|R:ACCELLESSPART|ASvB,-0.17909898217937256,47,3
PSVn|R:ACCELLESSPART|PSVB,-0.177718677067104,27,3
ASVb|R:DECELLESSPART|PSVb,-0.1740564838461681,90,3
ASvB|R:DECELMOREPART|ASVB,-0.1710311153319562,187,3
R:DECELLESSPART|Pwvn|R:DECELMOREPART,-0.1676964491709802,28,3
ASvB|R:DECELMOREPART|Pwvn,-0.16342639194771483,27,3
ASVb|R:DECELMOREPART|PwVb,-0.1611712920750377,60,3
ASVB|R:ACCELMOREPART|ASVB,-0.15866023516435585,114,3
R:ACCELMOREPART|PSvb|R:DECELLESSPART,-0.15637145973397787,51,3
R:DECELLESSPART|PSvB,-0.1559853633356148,33,2
R:DECELMOREPART|ASVB|R:ACCELMOREPART,-0.1541367041422236,45,3
Pwvn|R:ACCELMOREPART|ASVn,-0.1520043417868389,153,3
R:ACCELMOREPART|PwVn,-0.1501124500887487,138,2
ASvB|R:ACCELLESSPART|PSvb,-0.1500346225576992,36,3
PwVn|R:ACCELLESSPART|Awvn,-0.14709900429585823,40,3
PSvb|R:DECELMOREPART|ASVb,-0.13580967243570483,41,3
AwVB|R:DECELLESSPART,-0.13075660551780327,31,2
ASvB|R:ACCELMOREPART|PSVn,-0.12900075152087978,64,3
R:DECELMOREPART|AwVB|R:ACCELMOREPART,-0.1266548472790914,25,3
R:ACCELMOREPART|ASVb|R:ACCELLESSPART,-0.12451074513630835,33,3
R:ACCELMOREPART|Awvn,-0.12011458968920864,43,2
R:DECELLESSPART|ASvB|R:ACCELLESSPART,-0.11769878203236216,27,3
PwVn|R:ACCELLESSPART|Pwvn,-0.11664263157633849,30,3
ASvn|R:DECELMOREPART|PwVn,-0.11240599308893015,140,3
ASVb|R:ACCELLESSPART|PSVb,-0.10958240075118031,54,3
PSVn|R:DECELLESSPART|PSVb,-0.10699247939794139,38,3
AwVB|R:ACCELMOREPART,-0.10690654329078074,57,2
PwVn|R:ACCELMOREPART|PwVn,-0.10663112757272246,46,3
PwVb|R:ACCELMOREPART,-0.09613286147304347,69,2
ASvB|R:DECELMOREPART|Awvn,-0.0922218477513386,27,3
PSVb|R:DECELLESSPART|PwVn,-0.0910711563925343,77,3
AwvB|R:ACCELMOREPART,-0.08500221829421727,67,2
ASVb|R:DECELMOREPART|ASVn,-0.08339825615202402,27,3
R:DECELMOREPART|ASvB|R:DECELMOREPART,-0.07962190864103981,28,3
ASvB|R:ACCELMOREPART|ASvB,-0.07722982320083197,30,3
Awvn|R:ACCELMOREPART|ASvB,-0.05917770914440336,177,3
R:ACCELMOREPART|PSvb|R:ACCELLESSPART,-0.052848539967200736,70,3
R:DECELLESSPART|ASVB|R:ACCELLESSPART,-0.047313373084323374,79,3
PSVb|R:DECELMOREPART|PwVn,-0.039541398829455794,44,3
R:ACCELLESSPART|AwVn|R:ACCELMOREPART,-0.03655309836692849,57,3
R:DECELMOREPART|PwVb|R:ACCELMOREPART,-0.01335689356859121,40,3
ASVn|R:ACCELMOREPART|PSVB,-0.013113550534470235,59,3
PSvb|R:DECELMOREPART|PwVn,-0.012216824242958817,29,3
Awvn|R:DECELMOREPART|Pwvn,0.006738861899602894,29,3
PwVb|R:ACCELLESSPART|PSVn,0.008607855479126417,29,3
ASVn|R:DECELLESSPART|ASvB,0.12166839824374426,30,3
ASvB|R:DECELLESSPART|Pwvn,0.1351391600211351,25,3
PwVb|R:ACCELMOREPART|ASVn,0.13571113336982052,29,3
AwVb|R:ACCELLESSPART|ASVB,0.27528759481013537,31,3
